id,name,facilityType,address,city,state,stateFips,county,countyFips,postalCode,latitude,longitude,phone,website,services,monday,tuesday,wednesday,thursday,friday,saturday,sunday,hoursNotes,priceLevel,acceptsSlidingScale,estimatedVisitCost,priceNotes,acceptsMedicaid,acceptsMedicare,acceptsUninsured,insuranceNotes,accessibilityInfo,sourceName,sourceUrl,sourceLastChecked,sourceNotes,sourceId,sourceDataset,sourceLastUpdated,lastVerified,verificationStatus,isDemoData
hrsa-bps-h80-039701,LRHC Mobile Services Trailer,community_health_center,4628 Main St S,Newbury,VT,50,Orange County,50017,05051-9712,44.08299387,-72.05269712,802-222-3023,,,,,,,,,,HRSA operating hours per week: 8.00,unknown,,,,,,,,,HRSA Health Center Service Delivery and Look-Alike Sites,https://data.hrsa.gov/DataDownload/DD_Files/Health_Center_Service_Delivery_and_LookAlike_Sites.csv,2026-06-24,"Fields copied from the official HRSA CSV: site name, address, city, state, postal code, phone, website, HRSA geocoding coordinates, county/FIPS, operating hours per week, site status, and location setting. Site status: Active. Location setting: All Other Clinic Types. Operational schedule: Unknown. Daily hours, services, price, insurance, and accessibility fields were not supplied by this intake.",BPS-H80-039701,Health Center Service Delivery and Look-Alike Sites,2026-06-24,2026-06-24,needs_review,
hrsa-bps-h80-005682,School-Based Dental Center at the Integrated Arts Academy (IAA),community_health_center,6 Archibald St,Burlington,VT,50,Chittenden County,50007,05401-4279,44.48800206,-73.21390428,802-658-4869,www.chcb.org,,,,,,,,,HRSA operating hours per week: 20.25,unknown,,,,,,,,,HRSA Health Center Service Delivery and Look-Alike Sites,https://data.hrsa.gov/DataDownload/DD_Files/Health_Center_Service_Delivery_and_LookAlike_Sites.csv,2026-06-24,"Fields copied from the official HRSA CSV: site name, address, city, state, postal code, phone, website, HRSA geocoding coordinates, county/FIPS, operating hours per week, site status, and location setting. Site status: Active. Location setting: School. Operational schedule: Part-Time. Daily hours, services, price, insurance, and accessibility fields were not supplied by this intake.",BPS-H80-005682,Health Center Service Delivery and Look-Alike Sites,2026-06-24,2026-06-24,needs_review,
hrsa-bps-h80-020867,Fairfax Health Center,community_health_center,1199 Main St,Fairfax,VT,50,Franklin County,50011,05454-9530,44.66939948,-73.01323917,802-849-2844,,,,,,,,,,HRSA operating hours per week: 50.00,unknown,,,,,,,,,HRSA Health Center Service Delivery and Look-Alike Sites,https://data.hrsa.gov/DataDownload/DD_Files/Health_Center_Service_Delivery_and_LookAlike_Sites.csv,2026-06-24,"Fields copied from the official HRSA CSV: site name, address, city, state, postal code, phone, website, HRSA geocoding coordinates, county/FIPS, operating hours per week, site status, and location setting. Site status: Active. Location setting: All Other Clinic Types. Operational schedule: Unknown. Daily hours, services, price, insurance, and accessibility fields were not supplied by this intake.",BPS-H80-020867,Health Center Service Delivery and Look-Alike Sites,2026-06-24,2026-06-24,needs_review,
hrsa-bps-h80-000671,NORTHERN COUNTIES DENTAL CENTER,community_health_center,151 N Main St,Hardwick,VT,50,Caledonia County,50005,05843-7065,44.50643731,-72.36480500,802-472-2260,http://www.nchcvt.org/,,,,,,,,,HRSA operating hours per week: 49.50,unknown,,,,,,,,,HRSA Health Center Service Delivery and Look-Alike Sites,https://data.hrsa.gov/DataDownload/DD_Files/Health_Center_Service_Delivery_and_LookAlike_Sites.csv,2026-06-24,"Fields copied from the official HRSA CSV: site name, address, city, state, postal code, phone, website, HRSA geocoding coordinates, county/FIPS, operating hours per week, site status, and location setting. Site status: Active. Location setting: All Other Clinic Types. Operational schedule: Full-Time. Daily hours, services, price, insurance, and accessibility fields were not supplied by this intake.",BPS-H80-000671,Health Center Service Delivery and Look-Alike Sites,2026-06-24,2026-06-24,needs_review,
hrsa-bps-h80-032523,Thetford Elementary School,community_health_center,2689 Route 113,Thetford Center,VT,50,Orange County,50017,05075,43.81953162,-72.23156987,802-785-2426,,,,,,,,,,HRSA operating hours per week: 24.00,unknown,,,,,,,,,HRSA Health Center Service Delivery and Look-Alike Sites,https://data.hrsa.gov/DataDownload/DD_Files/Health_Center_Service_Delivery_and_LookAlike_Sites.csv,2026-06-24,"Fields copied from the official HRSA CSV: site name, address, city, state, postal code, phone, website, HRSA geocoding coordinates, county/FIPS, operating hours per week, site status, and location setting. Site status: Active. Location setting: School. Operational schedule: Unknown. Daily hours, services, price, insurance, and accessibility fields were not supplied by this intake.",BPS-H80-032523,Health Center Service Delivery and Look-Alike Sites,2026-06-24,2026-06-24,needs_review,
hrsa-bps-h80-039148,"Westshire Elementary School,",community_health_center,744 Vt Route 113,West Fairlee,VT,50,Orange County,50017,05083-4404,43.90764454,-72.26268140,802-333-4668,https://wes.rivendellschool.org/,,,,,,,,,HRSA operating hours per week: 16.00,unknown,,,,,,,,,HRSA Health Center Service Delivery and Look-Alike Sites,https://data.hrsa.gov/DataDownload/DD_Files/Health_Center_Service_Delivery_and_LookAlike_Sites.csv,2026-06-24,"Fields copied from the official HRSA CSV: site name, address, city, state, postal code, phone, website, HRSA geocoding coordinates, county/FIPS, operating hours per week, site status, and location setting. Site status: Active. Location setting: School. Operational schedule: Unknown. Daily hours, services, price, insurance, and accessibility fields were not supplied by this intake.",BPS-H80-039148,Health Center Service Delivery and Look-Alike Sites,2026-06-24,2026-06-24,needs_review,
hrsa-bps-h80-017688,Community Health Centers - Good Health,community_health_center,"368 Dorset St, Suite 1",South Burlington,VT,50,Chittenden County,50007,05403-6236,44.45825481,-73.17901067,802-860-1441,,,,,,,,,,HRSA operating hours per week: 44.00,unknown,,,,,,,,,HRSA Health Center Service Delivery and Look-Alike Sites,https://data.hrsa.gov/DataDownload/DD_Files/Health_Center_Service_Delivery_and_LookAlike_Sites.csv,2026-06-24,"Fields copied from the official HRSA CSV: site name, address, city, state, postal code, phone, website, HRSA geocoding coordinates, county/FIPS, operating hours per week, site status, and location setting. Site status: Active. Location setting: All Other Clinic Types. Operational schedule: Unknown. Daily hours, services, price, insurance, and accessibility fields were not supplied by this intake.",BPS-H80-017688,Health Center Service Delivery and Look-Alike Sites,2026-06-24,2026-06-24,needs_review,
hrsa-bps-h80-031881,Gifford Pediatric and Adolescent Medicine,community_health_center,40 S Main St,Randolph,VT,50,Orange County,50017,05060-1377,43.91767047,-72.66624590,802-728-2420,www.giffordhealthcare.org,,,,,,,,,HRSA operating hours per week: 46.00,unknown,,,,,,,,,HRSA Health Center Service Delivery and Look-Alike Sites,https://data.hrsa.gov/DataDownload/DD_Files/Health_Center_Service_Delivery_and_LookAlike_Sites.csv,2026-06-24,"Fields copied from the official HRSA CSV: site name, address, city, state, postal code, phone, website, HRSA geocoding coordinates, county/FIPS, operating hours per week, site status, and location setting. Site status: Active. Location setting: All Other Clinic Types. Operational schedule: Unknown. Daily hours, services, price, insurance, and accessibility fields were not supplied by this intake.",BPS-H80-031881,Health Center Service Delivery and Look-Alike Sites,2026-06-24,2026-06-24,needs_review,
hrsa-bps-h80-033553,Fairfax Pharmacy,community_health_center,997 Main St,Fairfax,VT,50,Franklin County,50011,05454-9998,44.65677818,-73.00847850,802-849-2101,,,,,,,,,,HRSA operating hours per week: 51.00,unknown,,,,,,,,,HRSA Health Center Service Delivery and Look-Alike Sites,https://data.hrsa.gov/DataDownload/DD_Files/Health_Center_Service_Delivery_and_LookAlike_Sites.csv,2026-06-24,"Fields copied from the official HRSA CSV: site name, address, city, state, postal code, phone, website, HRSA geocoding coordinates, county/FIPS, operating hours per week, site status, and location setting. Site status: Active. Location setting: All Other Clinic Types. Operational schedule: Unknown. Daily hours, services, price, insurance, and accessibility fields were not supplied by this intake.",BPS-H80-033553,Health Center Service Delivery and Look-Alike Sites,2026-06-24,2026-06-24,needs_review,
hrsa-bps-h80-017252,Community Health Centers - South End,community_health_center,789 Pine St,Burlington,VT,50,Chittenden County,50007,05401-4924,44.45749127,-73.21502276,802-864-0693,,,,,,,,,,HRSA operating hours per week: 49.00,unknown,,,,,,,,,HRSA Health Center Service Delivery and Look-Alike Sites,https://data.hrsa.gov/DataDownload/DD_Files/Health_Center_Service_Delivery_and_LookAlike_Sites.csv,2026-06-24,"Fields copied from the official HRSA CSV: site name, address, city, state, postal code, phone, website, HRSA geocoding coordinates, county/FIPS, operating hours per week, site status, and location setting. Site status: Active. Location setting: All Other Clinic Types. Operational schedule: Unknown. Daily hours, services, price, insurance, and accessibility fields were not supplied by this intake.",BPS-H80-017252,Health Center Service Delivery and Look-Alike Sites,2026-06-24,2026-06-24,needs_review,
hrsa-bps-h80-001814,DANVILLE HEALTH CENTER,community_health_center,26 Cedar Ln,Danville,VT,50,Caledonia County,50005,05828-9751,44.40718790,-72.14079117,802-684-2275,http://www.nchcvt.org/,,,,,,,,,HRSA operating hours per week: 47.50,unknown,,,,,,,,,HRSA Health Center Service Delivery and Look-Alike Sites,https://data.hrsa.gov/DataDownload/DD_Files/Health_Center_Service_Delivery_and_LookAlike_Sites.csv,2026-06-24,"Fields copied from the official HRSA CSV: site name, address, city, state, postal code, phone, website, HRSA geocoding coordinates, county/FIPS, operating hours per week, site status, and location setting. Site status: Active. Location setting: All Other Clinic Types. Operational schedule: Full-Time. Daily hours, services, price, insurance, and accessibility fields were not supplied by this intake.",BPS-H80-001814,Health Center Service Delivery and Look-Alike Sites,2026-06-24,2026-06-24,needs_review,
hrsa-bps-h80-031184,Randolph Union Middle/High School,community_health_center,15 Forest St,Randolph,VT,50,Orange County,50017,05060-1006,43.93133129,-72.66088190,802-728-3397,http://orangesouthwest.org/RUHS,,,,,,,,,HRSA operating hours per week: 6.00,unknown,,,,,,,,,HRSA Health Center Service Delivery and Look-Alike Sites,https://data.hrsa.gov/DataDownload/DD_Files/Health_Center_Service_Delivery_and_LookAlike_Sites.csv,2026-06-24,"Fields copied from the official HRSA CSV: site name, address, city, state, postal code, phone, website, HRSA geocoding coordinates, county/FIPS, operating hours per week, site status, and location setting. Site status: Active. Location setting: School. Operational schedule: Unknown. Daily hours, services, price, insurance, and accessibility fields were not supplied by this intake.",BPS-H80-031184,Health Center Service Delivery and Look-Alike Sites,2026-06-24,2026-06-24,needs_review,
hrsa-bps-h80-031186,Brookfield Elementary School,community_health_center,1728 Ridge Rd,Brookfield,VT,50,Orange County,50017,05036-9778,44.01604057,-72.60644739,802-276-3153,,,,,,,,,,HRSA operating hours per week: 2.50,unknown,,,,,,,,,HRSA Health Center Service Delivery and Look-Alike Sites,https://data.hrsa.gov/DataDownload/DD_Files/Health_Center_Service_Delivery_and_LookAlike_Sites.csv,2026-06-24,"Fields copied from the official HRSA CSV: site name, address, city, state, postal code, phone, website, HRSA geocoding coordinates, county/FIPS, operating hours per week, site status, and location setting. Site status: Active. Location setting: School. Operational schedule: Unknown. Daily hours, services, price, insurance, and accessibility fields were not supplied by this intake.",BPS-H80-031186,Health Center Service Delivery and Look-Alike Sites,2026-06-24,2026-06-24,needs_review,
hrsa-bps-h80-033736,Community Health North Main Street,community_health_center,231 N Main St,Rutland,VT,50,Rutland County,50021,05701-2417,43.62538604,-72.97588044,802-779-9036,www.chcrr.org,,,,,,,,,HRSA operating hours per week: 40.00,unknown,,,,,,,,,HRSA Health Center Service Delivery and Look-Alike Sites,https://data.hrsa.gov/DataDownload/DD_Files/Health_Center_Service_Delivery_and_LookAlike_Sites.csv,2026-06-24,"Fields copied from the official HRSA CSV: site name, address, city, state, postal code, phone, website, HRSA geocoding coordinates, county/FIPS, operating hours per week, site status, and location setting. Site status: Active. Location setting: All Other Clinic Types. Operational schedule: Unknown. Daily hours, services, price, insurance, and accessibility fields were not supplied by this intake.",BPS-H80-033736,Health Center Service Delivery and Look-Alike Sites,2026-06-24,2026-06-24,needs_review,
hrsa-bps-h80-027326,St Albans Health Center,community_health_center,3 Crest Rd,Saint Albans,VT,50,Franklin County,50011,05478-9753,44.80696466,-73.07052638,802-524-4554,,,,,,,,,,HRSA operating hours per week: 49.00,unknown,,,,,,,,,HRSA Health Center Service Delivery and Look-Alike Sites,https://data.hrsa.gov/DataDownload/DD_Files/Health_Center_Service_Delivery_and_LookAlike_Sites.csv,2026-06-24,"Fields copied from the official HRSA CSV: site name, address, city, state, postal code, phone, website, HRSA geocoding coordinates, county/FIPS, operating hours per week, site status, and location setting. Site status: Active. Location setting: All Other Clinic Types. Operational schedule: Unknown. Daily hours, services, price, insurance, and accessibility fields were not supplied by this intake.",BPS-H80-027326,Health Center Service Delivery and Look-Alike Sites,2026-06-24,2026-06-24,needs_review,
hrsa-bps-h80-021584,Union Street School Health Center,community_health_center,43 Union St,Springfield,VT,50,Windsor County,50027,05156-3133,43.29526629,-72.48789165,802-885-5155,,,,,,,,,,HRSA operating hours per week: 25.00,unknown,,,,,,,,,HRSA Health Center Service Delivery and Look-Alike Sites,https://data.hrsa.gov/DataDownload/DD_Files/Health_Center_Service_Delivery_and_LookAlike_Sites.csv,2026-06-24,"Fields copied from the official HRSA CSV: site name, address, city, state, postal code, phone, website, HRSA geocoding coordinates, county/FIPS, operating hours per week, site status, and location setting. Site status: Active. Location setting: School. Operational schedule: Unknown. Daily hours, services, price, insurance, and accessibility fields were not supplied by this intake.",BPS-H80-021584,Health Center Service Delivery and Look-Alike Sites,2026-06-24,2026-06-24,needs_review,
hrsa-bps-h80-021586,Riverside Middle School Health Center,community_health_center,13 Fairground Rd,Springfield,VT,50,Windsor County,50027,05156-2112,43.30372502,-72.49684612,802-885-8490,,,,,,,,,,HRSA operating hours per week: 25.00,unknown,,,,,,,,,HRSA Health Center Service Delivery and Look-Alike Sites,https://data.hrsa.gov/DataDownload/DD_Files/Health_Center_Service_Delivery_and_LookAlike_Sites.csv,2026-06-24,"Fields copied from the official HRSA CSV: site name, address, city, state, postal code, phone, website, HRSA geocoding coordinates, county/FIPS, operating hours per week, site status, and location setting. Site status: Active. Location setting: School. Operational schedule: Unknown. Daily hours, services, price, insurance, and accessibility fields were not supplied by this intake.",BPS-H80-021586,Health Center Service Delivery and Look-Alike Sites,2026-06-24,2026-06-24,needs_review,
hrsa-bps-h80-039149,Samuel Morey Elementary School,community_health_center,214 School St,Fairlee,VT,50,Orange County,50017,05045-1702,43.90662597,-72.14741774,802-333-9755,https://sme.rivendellschool.org/,,,,,,,,,HRSA operating hours per week: 8.00,unknown,,,,,,,,,HRSA Health Center Service Delivery and Look-Alike Sites,https://data.hrsa.gov/DataDownload/DD_Files/Health_Center_Service_Delivery_and_LookAlike_Sites.csv,2026-06-24,"Fields copied from the official HRSA CSV: site name, address, city, state, postal code, phone, website, HRSA geocoding coordinates, county/FIPS, operating hours per week, site status, and location setting. Site status: Active. Location setting: School. Operational schedule: Unknown. Daily hours, services, price, insurance, and accessibility fields were not supplied by this intake.",BPS-H80-039149,Health Center Service Delivery and Look-Alike Sites,2026-06-24,2026-06-24,needs_review,
hrsa-bps-h80-024956,Oxbow High School,community_health_center,36 Oxbow Dr,Bradford,VT,50,Orange County,50017,05033-9037,44.00791955,-72.11379751,802-222-5214,http://oxbowhighschool.org,,,,,,,,,HRSA operating hours per week: 35.00,unknown,,,,,,,,,HRSA Health Center Service Delivery and Look-Alike Sites,https://data.hrsa.gov/DataDownload/DD_Files/Health_Center_Service_Delivery_and_LookAlike_Sites.csv,2026-06-24,"Fields copied from the official HRSA CSV: site name, address, city, state, postal code, phone, website, HRSA geocoding coordinates, county/FIPS, operating hours per week, site status, and location setting. Site status: Active. Location setting: School. Operational schedule: Unknown. Daily hours, services, price, insurance, and accessibility fields were not supplied by this intake.",BPS-H80-024956,Health Center Service Delivery and Look-Alike Sites,2026-06-24,2026-06-24,needs_review,
hrsa-bps-h80-018115,Orleans Dental Center,community_health_center,11 Union St,Orleans,VT,50,Orleans County,50019,05860-1218,44.80987699,-72.19857501,802-754-6973,www.nchcvt.org,,,,,,,,,HRSA operating hours per week: 47.50,unknown,,,,,,,,,HRSA Health Center Service Delivery and Look-Alike Sites,https://data.hrsa.gov/DataDownload/DD_Files/Health_Center_Service_Delivery_and_LookAlike_Sites.csv,2026-06-24,"Fields copied from the official HRSA CSV: site name, address, city, state, postal code, phone, website, HRSA geocoding coordinates, county/FIPS, operating hours per week, site status, and location setting. Site status: Active. Location setting: All Other Clinic Types. Operational schedule: Unknown. Daily hours, services, price, insurance, and accessibility fields were not supplied by this intake.",BPS-H80-018115,Health Center Service Delivery and Look-Alike Sites,2026-06-24,2026-06-24,needs_review,
hrsa-bps-h80-010140,Enosburg Health Center,community_health_center,382 Main St,Enosburg Falls,VT,50,Franklin County,50011,05450-6008,44.90802510,-72.80440598,802-933-5831,www.notchvt.org,,,,,,,,,HRSA operating hours per week: 52.50,unknown,,,,,,,,,HRSA Health Center Service Delivery and Look-Alike Sites,https://data.hrsa.gov/DataDownload/DD_Files/Health_Center_Service_Delivery_and_LookAlike_Sites.csv,2026-06-24,"Fields copied from the official HRSA CSV: site name, address, city, state, postal code, phone, website, HRSA geocoding coordinates, county/FIPS, operating hours per week, site status, and location setting. Site status: Active. Location setting: All Other Clinic Types. Operational schedule: Full-Time. Daily hours, services, price, insurance, and accessibility fields were not supplied by this intake.",BPS-H80-010140,Health Center Service Delivery and Look-Alike Sites,2026-06-24,2026-06-24,needs_review,
hrsa-bps-h80-018289,Lamoille Health Family Medicine - Morrisville,community_health_center,609 Washington Hwy,Morrisville,VT,50,Lamoille County,50015,05661-8652,44.55446901,-72.58877163,802-888-5639,www.chslv.org,,,,,,,,,HRSA operating hours per week: 48.00,unknown,,,,,,,,,HRSA Health Center Service Delivery and Look-Alike Sites,https://data.hrsa.gov/DataDownload/DD_Files/Health_Center_Service_Delivery_and_LookAlike_Sites.csv,2026-06-24,"Fields copied from the official HRSA CSV: site name, address, city, state, postal code, phone, website, HRSA geocoding coordinates, county/FIPS, operating hours per week, site status, and location setting. Site status: Active. Location setting: All Other Clinic Types. Operational schedule: Unknown. Daily hours, services, price, insurance, and accessibility fields were not supplied by this intake.",BPS-H80-018289,Health Center Service Delivery and Look-Alike Sites,2026-06-24,2026-06-24,needs_review,
hrsa-bps-h80-015316,CHCRR Shoreham Family Health Center,community_health_center,2987 Vt Route 22a,Shoreham,VT,50,Addison County,50001,05770-9728,43.89828208,-73.30785141,802-671-2101,www.chcrr.org,,,,,,,,,HRSA operating hours per week: 36.00,unknown,,,,,,,,,HRSA Health Center Service Delivery and Look-Alike Sites,https://data.hrsa.gov/DataDownload/DD_Files/Health_Center_Service_Delivery_and_LookAlike_Sites.csv,2026-06-24,"Fields copied from the official HRSA CSV: site name, address, city, state, postal code, phone, website, HRSA geocoding coordinates, county/FIPS, operating hours per week, site status, and location setting. Site status: Active. Location setting: All Other Clinic Types. Operational schedule: Unknown. Daily hours, services, price, insurance, and accessibility fields were not supplied by this intake.",BPS-H80-015316,Health Center Service Delivery and Look-Alike Sites,2026-06-24,2026-06-24,needs_review,
hrsa-bps-h80-003448,NOTCH Pharmacy,community_health_center,"44 Main St, Apartment 200",Richford,VT,50,Franklin County,50011,05476-1141,44.99634580,-72.67309869,802-255-5530,www.notchvt.org,,,,,,,,,HRSA operating hours per week: 47.00,unknown,,,,,,,,,HRSA Health Center Service Delivery and Look-Alike Sites,https://data.hrsa.gov/DataDownload/DD_Files/Health_Center_Service_Delivery_and_LookAlike_Sites.csv,2026-06-24,"Fields copied from the official HRSA CSV: site name, address, city, state, postal code, phone, website, HRSA geocoding coordinates, county/FIPS, operating hours per week, site status, and location setting. Site status: Active. Location setting: All Other Clinic Types. Operational schedule: Full-Time. Daily hours, services, price, insurance, and accessibility fields were not supplied by this intake.",BPS-H80-003448,Health Center Service Delivery and Look-Alike Sites,2026-06-24,2026-06-24,needs_review,
hrsa-bps-h80-003571,CONCORD HEALTH CENTER,community_health_center,201 Main St,Concord,VT,50,Essex County,50009,05824-9825,44.42937389,-71.89146817,802-695-2512,http://www.nchcvt.org/,,,,,,,,,HRSA operating hours per week: 48.00,unknown,,,,,,,,,HRSA Health Center Service Delivery and Look-Alike Sites,https://data.hrsa.gov/DataDownload/DD_Files/Health_Center_Service_Delivery_and_LookAlike_Sites.csv,2026-06-24,"Fields copied from the official HRSA CSV: site name, address, city, state, postal code, phone, website, HRSA geocoding coordinates, county/FIPS, operating hours per week, site status, and location setting. Site status: Active. Location setting: All Other Clinic Types. Operational schedule: Full-Time. Daily hours, services, price, insurance, and accessibility fields were not supplied by this intake.",BPS-H80-003571,Health Center Service Delivery and Look-Alike Sites,2026-06-24,2026-06-24,needs_review,
hrsa-bps-h80-034322,Georgia Health Center,community_health_center,4178 Highbridge Rd,Fairfax,VT,50,Franklin County,50011,05454-5446,44.69179844,-73.10176849,802-255-5560,,,,,,,,,,HRSA operating hours per week: 45.00,unknown,,,,,,,,,HRSA Health Center Service Delivery and Look-Alike Sites,https://data.hrsa.gov/DataDownload/DD_Files/Health_Center_Service_Delivery_and_LookAlike_Sites.csv,2026-06-24,"Fields copied from the official HRSA CSV: site name, address, city, state, postal code, phone, website, HRSA geocoding coordinates, county/FIPS, operating hours per week, site status, and location setting. Site status: Active. Location setting: All Other Clinic Types. Operational schedule: Unknown. Daily hours, services, price, insurance, and accessibility fields were not supplied by this intake.",BPS-H80-034322,Health Center Service Delivery and Look-Alike Sites,2026-06-24,2026-06-24,needs_review,
hrsa-bps-h80-021585,Elm Hill School Health Center,community_health_center,10 Hoover St,Springfield,VT,50,Windsor County,50027,05156-2425,43.30560026,-72.48451157,802-885-5154,,,,,,,,,,HRSA operating hours per week: 25.00,unknown,,,,,,,,,HRSA Health Center Service Delivery and Look-Alike Sites,https://data.hrsa.gov/DataDownload/DD_Files/Health_Center_Service_Delivery_and_LookAlike_Sites.csv,2026-06-24,"Fields copied from the official HRSA CSV: site name, address, city, state, postal code, phone, website, HRSA geocoding coordinates, county/FIPS, operating hours per week, site status, and location setting. Site status: Active. Location setting: School. Operational schedule: Unknown. Daily hours, services, price, insurance, and accessibility fields were not supplied by this intake.",BPS-H80-021585,Health Center Service Delivery and Look-Alike Sites,2026-06-24,2026-06-24,needs_review,
hrsa-bps-h80-035673,Dr. Delores Barbeau Mobile Unit,community_health_center,100 River St,Springfield,VT,50,Windsor County,50027,05156-2930,43.30168570,-72.48583532,802-886-8998,,,,,,,,,,HRSA operating hours per week: 4.00,unknown,,,,,,,,,HRSA Health Center Service Delivery and Look-Alike Sites,https://data.hrsa.gov/DataDownload/DD_Files/Health_Center_Service_Delivery_and_LookAlike_Sites.csv,2026-06-24,"Fields copied from the official HRSA CSV: site name, address, city, state, postal code, phone, website, HRSA geocoding coordinates, county/FIPS, operating hours per week, site status, and location setting. Site status: Active. Location setting: All Other Clinic Types. Operational schedule: Unknown. Daily hours, services, price, insurance, and accessibility fields were not supplied by this intake.",BPS-H80-035673,Health Center Service Delivery and Look-Alike Sites,2026-06-24,2026-06-24,needs_review,
hrsa-bps-h80-004761,Island Pond Dental Center,community_health_center,82 Maple St,Island Pond,VT,50,Essex County,50009,05846,44.81725412,-71.88406731,802-723-4300,http://www.nchcvt.org/,,,,,,,,,HRSA operating hours per week: 39.00,unknown,,,,,,,,,HRSA Health Center Service Delivery and Look-Alike Sites,https://data.hrsa.gov/DataDownload/DD_Files/Health_Center_Service_Delivery_and_LookAlike_Sites.csv,2026-06-24,"Fields copied from the official HRSA CSV: site name, address, city, state, postal code, phone, website, HRSA geocoding coordinates, county/FIPS, operating hours per week, site status, and location setting. Site status: Active. Location setting: All Other Clinic Types. Operational schedule: Full-Time. Daily hours, services, price, insurance, and accessibility fields were not supplied by this intake.",BPS-H80-004761,Health Center Service Delivery and Look-Alike Sites,2026-06-24,2026-06-24,needs_review,
hrsa-bps-h80-031187,Randolph Elementary School,community_health_center,40 Ayers Brook Rd,Randolph,VT,50,Orange County,50017,05060-1012,43.93321274,-72.66056674,802-728-9555,http://orangesouthwest.org/Randolph,,,,,,,,,HRSA operating hours per week: 6.00,unknown,,,,,,,,,HRSA Health Center Service Delivery and Look-Alike Sites,https://data.hrsa.gov/DataDownload/DD_Files/Health_Center_Service_Delivery_and_LookAlike_Sites.csv,2026-06-24,"Fields copied from the official HRSA CSV: site name, address, city, state, postal code, phone, website, HRSA geocoding coordinates, county/FIPS, operating hours per week, site status, and location setting. Site status: Active. Location setting: School. Operational schedule: Unknown. Daily hours, services, price, insurance, and accessibility fields were not supplied by this intake.",BPS-H80-031187,Health Center Service Delivery and Look-Alike Sites,2026-06-24,2026-06-24,needs_review,
hrsa-bps-h80-005304,THE HEALTH CENTER,community_health_center,157 Towne Ave,Plainfield,VT,50,Washington County,50023,05667-9425,44.27753708,-72.43305104,802-454-8336,thcplainfield.org,,,,,,,,,HRSA operating hours per week: 60.00,unknown,,,,,,,,,HRSA Health Center Service Delivery and Look-Alike Sites,https://data.hrsa.gov/DataDownload/DD_Files/Health_Center_Service_Delivery_and_LookAlike_Sites.csv,2026-06-24,"Fields copied from the official HRSA CSV: site name, address, city, state, postal code, phone, website, HRSA geocoding coordinates, county/FIPS, operating hours per week, site status, and location setting. Site status: Active. Location setting: All Other Clinic Types. Operational schedule: Full-Time. Daily hours, services, price, insurance, and accessibility fields were not supplied by this intake.",BPS-H80-005304,Health Center Service Delivery and Look-Alike Sites,2026-06-24,2026-06-24,needs_review,
hrsa-bps-h80-031986,Waits River Valley School,community_health_center,6 Waits River Vly School Rd,East Corinth,VT,50,Orange County,50017,05040-9776,44.07964563,-72.26127198,802-439-5534,cperantoni@wrvschool.org,,,,,,,,,HRSA operating hours per week: 16.00,unknown,,,,,,,,,HRSA Health Center Service Delivery and Look-Alike Sites,https://data.hrsa.gov/DataDownload/DD_Files/Health_Center_Service_Delivery_and_LookAlike_Sites.csv,2026-06-24,"Fields copied from the official HRSA CSV: site name, address, city, state, postal code, phone, website, HRSA geocoding coordinates, county/FIPS, operating hours per week, site status, and location setting. Site status: Active. Location setting: School. Operational schedule: Unknown. Daily hours, services, price, insurance, and accessibility fields were not supplied by this intake.",BPS-H80-031986,Health Center Service Delivery and Look-Alike Sites,2026-06-24,2026-06-24,needs_review,
hrsa-bps-h80-032661,"Battenkill Valley Health Center, Inc.",community_health_center,18 Church St,Arlington,VT,50,Bennington County,50003,05250-4457,43.07328781,-73.15499241,802-375-6566,www.battenkillvalleyhealthcenter.org,,,,,,,,,HRSA operating hours per week: 52.00,unknown,,,,,,,,,HRSA Health Center Service Delivery and Look-Alike Sites,https://data.hrsa.gov/DataDownload/DD_Files/Health_Center_Service_Delivery_and_LookAlike_Sites.csv,2026-06-24,"Fields copied from the official HRSA CSV: site name, address, city, state, postal code, phone, website, HRSA geocoding coordinates, county/FIPS, operating hours per week, site status, and location setting. Site status: Active. Location setting: All Other Clinic Types. Operational schedule: Unknown. Daily hours, services, price, insurance, and accessibility fields were not supplied by this intake.",BPS-H80-032661,Health Center Service Delivery and Look-Alike Sites,2026-06-24,2026-06-24,needs_review,
hrsa-bps-h80-000197,EAST CORINTH,community_health_center,720 Village Rd,East Corinth,VT,50,Orange County,50017,05040-9783,44.06441705,-72.22171971,802-439-5321,www.littlerivers.org,,,,,,,,,HRSA operating hours per week: 45.00,unknown,,,,,,,,,HRSA Health Center Service Delivery and Look-Alike Sites,https://data.hrsa.gov/DataDownload/DD_Files/Health_Center_Service_Delivery_and_LookAlike_Sites.csv,2026-06-24,"Fields copied from the official HRSA CSV: site name, address, city, state, postal code, phone, website, HRSA geocoding coordinates, county/FIPS, operating hours per week, site status, and location setting. Site status: Active. Location setting: All Other Clinic Types. Operational schedule: Full-Time. Daily hours, services, price, insurance, and accessibility fields were not supplied by this intake.",BPS-H80-000197,Health Center Service Delivery and Look-Alike Sites,2026-06-24,2026-06-24,needs_review,
hrsa-bps-h80-013176,Battenkill Valley Health Center Inc.,community_health_center,9 Church St,Arlington,VT,50,Bennington County,50003,05250-4457,43.07308518,-73.15508318,802-375-6566,https://www.battenkillvalleyhealthcenter.org,,,,,,,,,HRSA operating hours per week: 52.00,unknown,,,,,,,,,HRSA Health Center Service Delivery and Look-Alike Sites,https://data.hrsa.gov/DataDownload/DD_Files/Health_Center_Service_Delivery_and_LookAlike_Sites.csv,2026-06-24,"Fields copied from the official HRSA CSV: site name, address, city, state, postal code, phone, website, HRSA geocoding coordinates, county/FIPS, operating hours per week, site status, and location setting. Site status: Active. Location setting: All Other Clinic Types. Operational schedule: Full-Time. Daily hours, services, price, insurance, and accessibility fields were not supplied by this intake.",BPS-H80-013176,Health Center Service Delivery and Look-Alike Sites,2026-06-24,2026-06-24,needs_review,
hrsa-bps-h80-027325,Newbury Elementary School,community_health_center,214 Pulaski St,Newbury,VT,50,Orange County,50017,05051,44.07908308,-72.06047142,802-866-5621 x110,www.nesvt.org,,,,,,,,,HRSA operating hours per week: 16.00,unknown,,,,,,,,,HRSA Health Center Service Delivery and Look-Alike Sites,https://data.hrsa.gov/DataDownload/DD_Files/Health_Center_Service_Delivery_and_LookAlike_Sites.csv,2026-06-24,"Fields copied from the official HRSA CSV: site name, address, city, state, postal code, phone, website, HRSA geocoding coordinates, county/FIPS, operating hours per week, site status, and location setting. Site status: Active. Location setting: School. Operational schedule: Unknown. Daily hours, services, price, insurance, and accessibility fields were not supplied by this intake.",BPS-H80-027325,Health Center Service Delivery and Look-Alike Sites,2026-06-24,2026-06-24,needs_review,
hrsa-bps-h80-001120,Wells River,community_health_center,65 Main St N,Wells River,VT,50,Orange County,50017,05081-9692,44.15166265,-72.04567334,802-757-2325,www.littlerivers.org,,,,,,,,,HRSA operating hours per week: 45.00,unknown,,,,,,,,,HRSA Health Center Service Delivery and Look-Alike Sites,https://data.hrsa.gov/DataDownload/DD_Files/Health_Center_Service_Delivery_and_LookAlike_Sites.csv,2026-06-24,"Fields copied from the official HRSA CSV: site name, address, city, state, postal code, phone, website, HRSA geocoding coordinates, county/FIPS, operating hours per week, site status, and location setting. Site status: Active. Location setting: All Other Clinic Types. Operational schedule: Full-Time. Daily hours, services, price, insurance, and accessibility fields were not supplied by this intake.",BPS-H80-001120,Health Center Service Delivery and Look-Alike Sites,2026-06-24,2026-06-24,needs_review,
hrsa-bps-h80-001222,St. Johnsbury Community Health Center,community_health_center,185 Sherman Dr,Saint Johnsbury,VT,50,Caledonia County,50005,05819-9811,44.44821669,-72.01276029,802-748-5041,http://www.nchcvt.org/,,,,,,,,,HRSA operating hours per week: 47.50,unknown,,,,,,,,,HRSA Health Center Service Delivery and Look-Alike Sites,https://data.hrsa.gov/DataDownload/DD_Files/Health_Center_Service_Delivery_and_LookAlike_Sites.csv,2026-06-24,"Fields copied from the official HRSA CSV: site name, address, city, state, postal code, phone, website, HRSA geocoding coordinates, county/FIPS, operating hours per week, site status, and location setting. Site status: Active. Location setting: All Other Clinic Types. Operational schedule: Full-Time. Daily hours, services, price, insurance, and accessibility fields were not supplied by this intake.",BPS-H80-001222,Health Center Service Delivery and Look-Alike Sites,2026-06-24,2026-06-24,needs_review,
hrsa-bps-h80-018699,Community Health Centers - Champlain Islands,community_health_center,52 Community Ln,South Hero,VT,50,Grand Isle County,50013,05486-4418,44.64661873,-73.29705066,802-372-4687,,,,,,,,,,HRSA operating hours per week: 42.75,unknown,,,,,,,,,HRSA Health Center Service Delivery and Look-Alike Sites,https://data.hrsa.gov/DataDownload/DD_Files/Health_Center_Service_Delivery_and_LookAlike_Sites.csv,2026-06-24,"Fields copied from the official HRSA CSV: site name, address, city, state, postal code, phone, website, HRSA geocoding coordinates, county/FIPS, operating hours per week, site status, and location setting. Site status: Active. Location setting: All Other Clinic Types. Operational schedule: Unknown. Daily hours, services, price, insurance, and accessibility fields were not supplied by this intake.",BPS-H80-018699,Health Center Service Delivery and Look-Alike Sites,2026-06-24,2026-06-24,needs_review,
hrsa-bps-h80-010302,Rutland Community Health Center,community_health_center,215 Stratton Rd,Rutland,VT,50,Rutland County,50021,05701-4673,43.60186475,-72.95699878,802-747-3295,,,,,,,,,,HRSA operating hours per week: 58.00,unknown,,,,,,,,,HRSA Health Center Service Delivery and Look-Alike Sites,https://data.hrsa.gov/DataDownload/DD_Files/Health_Center_Service_Delivery_and_LookAlike_Sites.csv,2026-06-24,"Fields copied from the official HRSA CSV: site name, address, city, state, postal code, phone, website, HRSA geocoding coordinates, county/FIPS, operating hours per week, site status, and location setting. Site status: Active. Location setting: All Other Clinic Types. Operational schedule: Full-Time. Daily hours, services, price, insurance, and accessibility fields were not supplied by this intake.",BPS-H80-010302,Health Center Service Delivery and Look-Alike Sites,2026-06-24,2026-06-24,needs_review,
hrsa-bps-h80-021587,Springfield High School Health Center,community_health_center,303 South St,Springfield,VT,50,Windsor County,50027,05156-3298,43.28134588,-72.47793437,802-885-7900,,,,,,,,,,HRSA operating hours per week: 25.00,unknown,,,,,,,,,HRSA Health Center Service Delivery and Look-Alike Sites,https://data.hrsa.gov/DataDownload/DD_Files/Health_Center_Service_Delivery_and_LookAlike_Sites.csv,2026-06-24,"Fields copied from the official HRSA CSV: site name, address, city, state, postal code, phone, website, HRSA geocoding coordinates, county/FIPS, operating hours per week, site status, and location setting. Site status: Active. Location setting: School. Operational schedule: Unknown. Daily hours, services, price, insurance, and accessibility fields were not supplied by this intake.",BPS-H80-021587,Health Center Service Delivery and Look-Alike Sites,2026-06-24,2026-06-24,needs_review,
hrsa-bps-h80-008756,Hardwick Area Health Center,community_health_center,4 Slapp Hl,Hardwick,VT,50,Caledonia County,50005,05843-9300,44.50479512,-72.35899818,802-472-3300,www.nchcvt.org,,,,,,,,,HRSA operating hours per week: 48.00,unknown,,,,,,,,,HRSA Health Center Service Delivery and Look-Alike Sites,https://data.hrsa.gov/DataDownload/DD_Files/Health_Center_Service_Delivery_and_LookAlike_Sites.csv,2026-06-24,"Fields copied from the official HRSA CSV: site name, address, city, state, postal code, phone, website, HRSA geocoding coordinates, county/FIPS, operating hours per week, site status, and location setting. Site status: Active. Location setting: All Other Clinic Types. Operational schedule: Full-Time. Daily hours, services, price, insurance, and accessibility fields were not supplied by this intake.",BPS-H80-008756,Health Center Service Delivery and Look-Alike Sites,2026-06-24,2026-06-24,needs_review,
hrsa-bps-h80-028339,LUND Family Center,community_health_center,76 Glen Rd,Burlington,VT,50,Chittenden County,50007,05401-4131,44.45562185,-73.20651672,802-864-7467,,,,,,,,,,HRSA operating hours per week: 8.00,unknown,,,,,,,,,HRSA Health Center Service Delivery and Look-Alike Sites,https://data.hrsa.gov/DataDownload/DD_Files/Health_Center_Service_Delivery_and_LookAlike_Sites.csv,2026-06-24,"Fields copied from the official HRSA CSV: site name, address, city, state, postal code, phone, website, HRSA geocoding coordinates, county/FIPS, operating hours per week, site status, and location setting. Site status: Active. Location setting: All Other Clinic Types. Operational schedule: Unknown. Daily hours, services, price, insurance, and accessibility fields were not supplied by this intake.",BPS-H80-028339,Health Center Service Delivery and Look-Alike Sites,2026-06-24,2026-06-24,needs_review,
hrsa-bps-h80-002238,Castleton Family Health Center/CHCRR Admin,community_health_center,275 Route 30 N,Bomoseen,VT,50,Rutland County,50021,05732-9647,43.61398380,-73.20839049,802-747-1606,NA,,,,,,,,,HRSA operating hours per week: 68.00,unknown,,,,,,,,,HRSA Health Center Service Delivery and Look-Alike Sites,https://data.hrsa.gov/DataDownload/DD_Files/Health_Center_Service_Delivery_and_LookAlike_Sites.csv,2026-06-24,"Fields copied from the official HRSA CSV: site name, address, city, state, postal code, phone, website, HRSA geocoding coordinates, county/FIPS, operating hours per week, site status, and location setting. Site status: Active. Location setting: All Other Clinic Types. Operational schedule: Full-Time. Daily hours, services, price, insurance, and accessibility fields were not supplied by this intake.",BPS-H80-002238,Health Center Service Delivery and Look-Alike Sites,2026-06-24,2026-06-24,needs_review,
hrsa-bps-h80-027796,MCH  Mobile Health Unit,community_health_center,61 Pine St,Bristol,VT,50,Addison County,50001,05443-1043,44.13823006,-73.08494602,802-453-3911,,,,,,,,,,HRSA operating hours per week: 8.00,unknown,,,,,,,,,HRSA Health Center Service Delivery and Look-Alike Sites,https://data.hrsa.gov/DataDownload/DD_Files/Health_Center_Service_Delivery_and_LookAlike_Sites.csv,2026-06-24,"Fields copied from the official HRSA CSV: site name, address, city, state, postal code, phone, website, HRSA geocoding coordinates, county/FIPS, operating hours per week, site status, and location setting. Site status: Active. Location setting: All Other Clinic Types. Operational schedule: Unknown. Daily hours, services, price, insurance, and accessibility fields were not supplied by this intake.",BPS-H80-027796,Health Center Service Delivery and Look-Alike Sites,2026-06-24,2026-06-24,needs_review,
hrsa-bps-h80-018682,CHCRR Administration,community_health_center,71 Allen St,Rutland,VT,50,Rutland County,50021,05701-4570,43.59849204,-72.96284323,802-855-2083,,,,,,,,,,,unknown,,,,,,,,,HRSA Health Center Service Delivery and Look-Alike Sites,https://data.hrsa.gov/DataDownload/DD_Files/Health_Center_Service_Delivery_and_LookAlike_Sites.csv,2026-06-24,"Fields copied from the official HRSA CSV: site name, address, city, state, postal code, phone, website, HRSA geocoding coordinates, county/FIPS, operating hours per week, site status, and location setting. Site status: Active. Location setting: All Other Clinic Types. Operational schedule: Unknown. Daily hours, services, price, insurance, and accessibility fields were not supplied by this intake.",BPS-H80-018682,Health Center Service Delivery and Look-Alike Sites,2026-06-24,2026-06-24,needs_review,
hrsa-bps-h80-003808,ISLAND POND HEALTH CENTER,community_health_center,82 Maple St,Island Pond,VT,50,Essex County,50009,05846,44.81725412,-71.88406731,802-723-4300,http://www.nchcvt.org/,,,,,,,,,HRSA operating hours per week: 46.50,unknown,,,,,,,,,HRSA Health Center Service Delivery and Look-Alike Sites,https://data.hrsa.gov/DataDownload/DD_Files/Health_Center_Service_Delivery_and_LookAlike_Sites.csv,2026-06-24,"Fields copied from the official HRSA CSV: site name, address, city, state, postal code, phone, website, HRSA geocoding coordinates, county/FIPS, operating hours per week, site status, and location setting. Site status: Active. Location setting: All Other Clinic Types. Operational schedule: Full-Time. Daily hours, services, price, insurance, and accessibility fields were not supplied by this intake.",BPS-H80-003808,Health Center Service Delivery and Look-Alike Sites,2026-06-24,2026-06-24,needs_review,
hrsa-bps-h80-039862,Riverstone Counseling,community_health_center,84 Pine St,Burlington,VT,50,Chittenden County,50007,05401-4441,44.47753240,-73.21542861,802-864-7423,,,,,,,,,,HRSA operating hours per week: 45.00,unknown,,,,,,,,,HRSA Health Center Service Delivery and Look-Alike Sites,https://data.hrsa.gov/DataDownload/DD_Files/Health_Center_Service_Delivery_and_LookAlike_Sites.csv,2026-06-24,"Fields copied from the official HRSA CSV: site name, address, city, state, postal code, phone, website, HRSA geocoding coordinates, county/FIPS, operating hours per week, site status, and location setting. Site status: Active. Location setting: All Other Clinic Types. Operational schedule: Unknown. Daily hours, services, price, insurance, and accessibility fields were not supplied by this intake.",BPS-H80-039862,Health Center Service Delivery and Look-Alike Sites,2026-06-24,2026-06-24,needs_review,
hrsa-bps-h80-007670,Lamoille Health Family Medicine - Stowe,community_health_center,"1878 Mountain Rd, Suite 3",Stowe,VT,50,Lamoille County,50015,05672-4775,44.47461403,-72.71356635,,www.chslv.org,,,,,,,,,HRSA operating hours per week: 46.00,unknown,,,,,,,,,HRSA Health Center Service Delivery and Look-Alike Sites,https://data.hrsa.gov/DataDownload/DD_Files/Health_Center_Service_Delivery_and_LookAlike_Sites.csv,2026-06-24,"Fields copied from the official HRSA CSV: site name, address, city, state, postal code, phone, website, HRSA geocoding coordinates, county/FIPS, operating hours per week, site status, and location setting. Site status: Active. Location setting: All Other Clinic Types. Operational schedule: Unknown. Daily hours, services, price, insurance, and accessibility fields were not supplied by this intake.",BPS-H80-007670,Health Center Service Delivery and Look-Alike Sites,2026-06-24,2026-06-24,needs_review,
hrsa-bps-h80-032309,Randolph Technical Career Center,community_health_center,17 Forest St,Randolph,VT,50,Orange County,50017,05060-1006,43.93250002,-72.65979594,802-728-9595,https://orangesouthwest.org/rtcc,,,,,,,,,HRSA operating hours per week: 3.00,unknown,,,,,,,,,HRSA Health Center Service Delivery and Look-Alike Sites,https://data.hrsa.gov/DataDownload/DD_Files/Health_Center_Service_Delivery_and_LookAlike_Sites.csv,2026-06-24,"Fields copied from the official HRSA CSV: site name, address, city, state, postal code, phone, website, HRSA geocoding coordinates, county/FIPS, operating hours per week, site status, and location setting. Site status: Active. Location setting: School. Operational schedule: Unknown. Daily hours, services, price, insurance, and accessibility fields were not supplied by this intake.",BPS-H80-032309,Health Center Service Delivery and Look-Alike Sites,2026-06-24,2026-06-24,needs_review,
hrsa-bps-h80-017749,Gifford Health Center at Berlin,community_health_center,"2418 Airport Rd, Ste 1",Barre,VT,50,Washington County,50023,05641-8702,44.20600341,-72.56088805,802-224-3200,https://giffordhealthcare.org/,,,,,,,,,HRSA operating hours per week: 45.00,unknown,,,,,,,,,HRSA Health Center Service Delivery and Look-Alike Sites,https://data.hrsa.gov/DataDownload/DD_Files/Health_Center_Service_Delivery_and_LookAlike_Sites.csv,2026-06-24,"Fields copied from the official HRSA CSV: site name, address, city, state, postal code, phone, website, HRSA geocoding coordinates, county/FIPS, operating hours per week, site status, and location setting. Site status: Active. Location setting: All Other Clinic Types. Operational schedule: Unknown. Daily hours, services, price, insurance, and accessibility fields were not supplied by this intake.",BPS-H80-017749,Health Center Service Delivery and Look-Alike Sites,2026-06-24,2026-06-24,needs_review,
hrsa-bps-h80-011088,Community Health Centers - Riverside,community_health_center,617 Riverside Ave,Burlington,VT,50,Chittenden County,50007,05401-1601,44.49012683,-73.20605261,802-864-6309,www.chcb.org,,,,,,,,,HRSA operating hours per week: 49.50,unknown,,,,,,,,,HRSA Health Center Service Delivery and Look-Alike Sites,https://data.hrsa.gov/DataDownload/DD_Files/Health_Center_Service_Delivery_and_LookAlike_Sites.csv,2026-06-24,"Fields copied from the official HRSA CSV: site name, address, city, state, postal code, phone, website, HRSA geocoding coordinates, county/FIPS, operating hours per week, site status, and location setting. Site status: Active. Location setting: All Other Clinic Types. Operational schedule: Full-Time. Daily hours, services, price, insurance, and accessibility fields were not supplied by this intake.",BPS-H80-011088,Health Center Service Delivery and Look-Alike Sites,2026-06-24,2026-06-24,needs_review,
hrsa-bps-h80-029813,Maplehill School,community_health_center,E Hill Rd,Plainfield,VT,50,Washington County,50023,05667-9725,44.35756437,-72.41160744,802-454-7747,thcplainfield.org,,,,,,,,,HRSA operating hours per week: 25.00,unknown,,,,,,,,,HRSA Health Center Service Delivery and Look-Alike Sites,https://data.hrsa.gov/DataDownload/DD_Files/Health_Center_Service_Delivery_and_LookAlike_Sites.csv,2026-06-24,"Fields copied from the official HRSA CSV: site name, address, city, state, postal code, phone, website, HRSA geocoding coordinates, county/FIPS, operating hours per week, site status, and location setting. Site status: Active. Location setting: School. Operational schedule: Unknown. Daily hours, services, price, insurance, and accessibility fields were not supplied by this intake.",BPS-H80-029813,Health Center Service Delivery and Look-Alike Sites,2026-06-24,2026-06-24,needs_review,
hrsa-bps-h80-024881,CHCRR Financial Services,community_health_center,71 Allen St STE 402,Rutland,VT,50,Rutland County,50021,05701-4570,43.59832591,-72.96290299,802-468-2928,,,,,,,,,,,unknown,,,,,,,,,HRSA Health Center Service Delivery and Look-Alike Sites,https://data.hrsa.gov/DataDownload/DD_Files/Health_Center_Service_Delivery_and_LookAlike_Sites.csv,2026-06-24,"Fields copied from the official HRSA CSV: site name, address, city, state, postal code, phone, website, HRSA geocoding coordinates, county/FIPS, operating hours per week, site status, and location setting. Site status: Active. Location setting: Unknown. Operational schedule: Unknown. Daily hours, services, price, insurance, and accessibility fields were not supplied by this intake.",BPS-H80-024881,Health Center Service Delivery and Look-Alike Sites,2026-06-24,2026-06-24,needs_review,
hrsa-bps-h80-005349,"NORTHERN COUNTIES HEALTH CARE, INC.",community_health_center,165 Sherman Dr,Saint Johnsbury,VT,50,Caledonia County,50005,05819-9811,44.44781805,-72.01273581,802-748-9405,http://www.nchcvt.org/,,,,,,,,,,unknown,,,,,,,,,HRSA Health Center Service Delivery and Look-Alike Sites,https://data.hrsa.gov/DataDownload/DD_Files/Health_Center_Service_Delivery_and_LookAlike_Sites.csv,2026-06-24,"Fields copied from the official HRSA CSV: site name, address, city, state, postal code, phone, website, HRSA geocoding coordinates, county/FIPS, operating hours per week, site status, and location setting. Site status: Active. Location setting: All Other Clinic Types. Operational schedule: Full-Time. Daily hours, services, price, insurance, and accessibility fields were not supplied by this intake.",BPS-H80-005349,Health Center Service Delivery and Look-Alike Sites,2026-06-24,2026-06-24,needs_review,
hrsa-bps-h80-010136,Springfield Health Center,community_health_center,100 River St,Springfield,VT,50,Windsor County,50027,05156-2930,43.30168570,-72.48583532,802-885-7629,www.springfieldmed.org,,,,,,,,,HRSA operating hours per week: 50.00,unknown,,,,,,,,,HRSA Health Center Service Delivery and Look-Alike Sites,https://data.hrsa.gov/DataDownload/DD_Files/Health_Center_Service_Delivery_and_LookAlike_Sites.csv,2026-06-24,"Fields copied from the official HRSA CSV: site name, address, city, state, postal code, phone, website, HRSA geocoding coordinates, county/FIPS, operating hours per week, site status, and location setting. Site status: Active. Location setting: All Other Clinic Types. Operational schedule: Full-Time. Daily hours, services, price, insurance, and accessibility fields were not supplied by this intake.",BPS-H80-010136,Health Center Service Delivery and Look-Alike Sites,2026-06-24,2026-06-24,needs_review,
hrsa-bps-h80-008397,Chester Dental Center,community_health_center,55 VT-11,Chester,VT,50,Windsor County,50027,05143-9280,43.25890326,-72.58892680,802-875-5399,,,,,,,,,,HRSA operating hours per week: 36.00,unknown,,,,,,,,,HRSA Health Center Service Delivery and Look-Alike Sites,https://data.hrsa.gov/DataDownload/DD_Files/Health_Center_Service_Delivery_and_LookAlike_Sites.csv,2026-06-24,"Fields copied from the official HRSA CSV: site name, address, city, state, postal code, phone, website, HRSA geocoding coordinates, county/FIPS, operating hours per week, site status, and location setting. Site status: Active. Location setting: All Other Clinic Types. Operational schedule: Unknown. Daily hours, services, price, insurance, and accessibility fields were not supplied by this intake.",BPS-H80-008397,Health Center Service Delivery and Look-Alike Sites,2026-06-24,2026-06-24,needs_review,
hrsa-bps-h80-013796,Bethel Health Center,community_health_center,1823 Vt Rte 107,Bethel,VT,50,Windsor County,50027,05032-9324,43.82318173,-72.60093779,802-234-9913,www.giffordhealthcare.org,,,,,,,,,HRSA operating hours per week: 45.00,unknown,,,,,,,,,HRSA Health Center Service Delivery and Look-Alike Sites,https://data.hrsa.gov/DataDownload/DD_Files/Health_Center_Service_Delivery_and_LookAlike_Sites.csv,2026-06-24,"Fields copied from the official HRSA CSV: site name, address, city, state, postal code, phone, website, HRSA geocoding coordinates, county/FIPS, operating hours per week, site status, and location setting. Site status: Active. Location setting: All Other Clinic Types. Operational schedule: Full-Time. Daily hours, services, price, insurance, and accessibility fields were not supplied by this intake.",BPS-H80-013796,Health Center Service Delivery and Look-Alike Sites,2026-06-24,2026-06-24,needs_review,
hrsa-bps-h80-041370,Burr and Burton Academy,community_health_center,57 Seminary Ave,Manchester,VT,50,Bennington County,50003,05254-4189,43.16374573,-73.07743306,802-362-1775,,,,,,,,,,HRSA operating hours per week: 4.00,unknown,,,,,,,,,HRSA Health Center Service Delivery and Look-Alike Sites,https://data.hrsa.gov/DataDownload/DD_Files/Health_Center_Service_Delivery_and_LookAlike_Sites.csv,2026-06-24,"Fields copied from the official HRSA CSV: site name, address, city, state, postal code, phone, website, HRSA geocoding coordinates, county/FIPS, operating hours per week, site status, and location setting. Site status: Active. Location setting: School. Operational schedule: Unknown. Daily hours, services, price, insurance, and accessibility fields were not supplied by this intake.",BPS-H80-041370,Health Center Service Delivery and Look-Alike Sites,2026-06-24,2026-06-24,needs_review,
hrsa-bps-h80-008444,Richford Dental Clinic,community_health_center,44 Main St STE 400,Richford,VT,50,Franklin County,50011,05476-1141,44.99611429,-72.67236242,802-255-5520,www.notchvt.org,,,,,,,,,HRSA operating hours per week: 50.00,unknown,,,,,,,,,HRSA Health Center Service Delivery and Look-Alike Sites,https://data.hrsa.gov/DataDownload/DD_Files/Health_Center_Service_Delivery_and_LookAlike_Sites.csv,2026-06-24,"Fields copied from the official HRSA CSV: site name, address, city, state, postal code, phone, website, HRSA geocoding coordinates, county/FIPS, operating hours per week, site status, and location setting. Site status: Active. Location setting: All Other Clinic Types. Operational schedule: Full-Time. Daily hours, services, price, insurance, and accessibility fields were not supplied by this intake.",BPS-H80-008444,Health Center Service Delivery and Look-Alike Sites,2026-06-24,2026-06-24,needs_review,
hrsa-bps-h80-020770,Kingwood Health Center,community_health_center,1422 Vt Route 66,Randolph,VT,50,Orange County,50017,05060-7718,43.93950964,-72.63248309,802-728-7744,www.giffordhealthcare.org,,,,,,,,,HRSA operating hours per week: 25.50,unknown,,,,,,,,,HRSA Health Center Service Delivery and Look-Alike Sites,https://data.hrsa.gov/DataDownload/DD_Files/Health_Center_Service_Delivery_and_LookAlike_Sites.csv,2026-06-24,"Fields copied from the official HRSA CSV: site name, address, city, state, postal code, phone, website, HRSA geocoding coordinates, county/FIPS, operating hours per week, site status, and location setting. Site status: Active. Location setting: All Other Clinic Types. Operational schedule: Unknown. Daily hours, services, price, insurance, and accessibility fields were not supplied by this intake.",BPS-H80-020770,Health Center Service Delivery and Look-Alike Sites,2026-06-24,2026-06-24,needs_review,
hrsa-bps-h80-036971,Northern Express Care - St. Johnsbury,community_health_center,457 Railroad St STE 2,St Johnsbury,VT,50,Caledonia County,50005,05819-1643,44.41919230,-72.01556286,802-633-6351,https://www.nchcvt.org/locations-providers/northern-express-care-st-johnsbury/,,,,,,,,,HRSA operating hours per week: 58.50,unknown,,,,,,,,,HRSA Health Center Service Delivery and Look-Alike Sites,https://data.hrsa.gov/DataDownload/DD_Files/Health_Center_Service_Delivery_and_LookAlike_Sites.csv,2026-06-24,"Fields copied from the official HRSA CSV: site name, address, city, state, postal code, phone, website, HRSA geocoding coordinates, county/FIPS, operating hours per week, site status, and location setting. Site status: Active. Location setting: All Other Clinic Types. Operational schedule: Unknown. Daily hours, services, price, insurance, and accessibility fields were not supplied by this intake.",BPS-H80-036971,Health Center Service Delivery and Look-Alike Sites,2026-06-24,2026-06-24,needs_review,
hrsa-bps-h80-035587,CHCRR Pediatric Dental,community_health_center,"69 Allen St, Suite 7",Rutland,VT,50,Rutland County,50021,05701-4564,43.59797123,-72.96374504,802-774-5050,,,,,,,,,,HRSA operating hours per week: 40.00,unknown,,,,,,,,,HRSA Health Center Service Delivery and Look-Alike Sites,https://data.hrsa.gov/DataDownload/DD_Files/Health_Center_Service_Delivery_and_LookAlike_Sites.csv,2026-06-24,"Fields copied from the official HRSA CSV: site name, address, city, state, postal code, phone, website, HRSA geocoding coordinates, county/FIPS, operating hours per week, site status, and location setting. Site status: Active. Location setting: All Other Clinic Types. Operational schedule: Unknown. Daily hours, services, price, insurance, and accessibility fields were not supplied by this intake.",BPS-H80-035587,Health Center Service Delivery and Look-Alike Sites,2026-06-24,2026-06-24,needs_review,
hrsa-bps-h80-006154,Alburg Health Center,community_health_center,64 Industrial Park Rd,Alburgh,VT,50,Grand Isle County,50013,05440,44.97642139,-73.29900909,802-796-4414,www.notchvt.org,,,,,,,,,HRSA operating hours per week: 18.00,unknown,,,,,,,,,HRSA Health Center Service Delivery and Look-Alike Sites,https://data.hrsa.gov/DataDownload/DD_Files/Health_Center_Service_Delivery_and_LookAlike_Sites.csv,2026-06-24,"Fields copied from the official HRSA CSV: site name, address, city, state, postal code, phone, website, HRSA geocoding coordinates, county/FIPS, operating hours per week, site status, and location setting. Site status: Active. Location setting: All Other Clinic Types. Operational schedule: Part-Time. Daily hours, services, price, insurance, and accessibility fields were not supplied by this intake.",BPS-H80-006154,Health Center Service Delivery and Look-Alike Sites,2026-06-24,2026-06-24,needs_review,
hrsa-bps-h80-006179,CABOT HEALTH SERVICES SBHC,community_health_center,25 Common Rd,Cabot,VT,50,Washington County,50023,05647-9731,44.40346282,-72.30952551,802-454-8336,thcplainfield.org,,,,,,,,,HRSA operating hours per week: 8.00,unknown,,,,,,,,,HRSA Health Center Service Delivery and Look-Alike Sites,https://data.hrsa.gov/DataDownload/DD_Files/Health_Center_Service_Delivery_and_LookAlike_Sites.csv,2026-06-24,"Fields copied from the official HRSA CSV: site name, address, city, state, postal code, phone, website, HRSA geocoding coordinates, county/FIPS, operating hours per week, site status, and location setting. Site status: Active. Location setting: School. Operational schedule: Part-Time. Daily hours, services, price, insurance, and accessibility fields were not supplied by this intake.",BPS-H80-006179,Health Center Service Delivery and Look-Alike Sites,2026-06-24,2026-06-24,needs_review,
hrsa-bps-h80-038947,Lamoille Health Family Dentistry Mobile Unit,community_health_center,609 Washington Hwy,Morrisville,VT,50,Lamoille County,50015,05661-8652,44.55446901,-72.58877163,802-888-7585,,,,,,,,,,HRSA operating hours per week: 2.00,unknown,,,,,,,,,HRSA Health Center Service Delivery and Look-Alike Sites,https://data.hrsa.gov/DataDownload/DD_Files/Health_Center_Service_Delivery_and_LookAlike_Sites.csv,2026-06-24,"Fields copied from the official HRSA CSV: site name, address, city, state, postal code, phone, website, HRSA geocoding coordinates, county/FIPS, operating hours per week, site status, and location setting. Site status: Active. Location setting: All Other Clinic Types. Operational schedule: Unknown. Daily hours, services, price, insurance, and accessibility fields were not supplied by this intake.",BPS-H80-038947,Health Center Service Delivery and Look-Alike Sites,2026-06-24,2026-06-24,needs_review,
hrsa-bps-h80-013222,Mountain Community Health,community_health_center,61 Pine St,Bristol,VT,50,Addison County,50001,05443-1043,44.13823006,-73.08494602,802-453-3911,http://www.mchvt.org,,,,,,,,,HRSA operating hours per week: 40.00,unknown,,,,,,,,,HRSA Health Center Service Delivery and Look-Alike Sites,https://data.hrsa.gov/DataDownload/DD_Files/Health_Center_Service_Delivery_and_LookAlike_Sites.csv,2026-06-24,"Fields copied from the official HRSA CSV: site name, address, city, state, postal code, phone, website, HRSA geocoding coordinates, county/FIPS, operating hours per week, site status, and location setting. Site status: Active. Location setting: All Other Clinic Types. Operational schedule: Part-Time. Daily hours, services, price, insurance, and accessibility fields were not supplied by this intake.",BPS-H80-013222,Health Center Service Delivery and Look-Alike Sites,2026-06-24,2026-06-24,needs_review,
hrsa-bps-h80-002272,Valley Vista,community_health_center,23 Upper Pln,Bradford,VT,50,Orange County,50017,05033-9016,44.00150463,-72.12019449,802-222-5201,www.littlerivers.org,,,,,,,,,HRSA operating hours per week: 168.00,unknown,,,,,,,,,HRSA Health Center Service Delivery and Look-Alike Sites,https://data.hrsa.gov/DataDownload/DD_Files/Health_Center_Service_Delivery_and_LookAlike_Sites.csv,2026-06-24,"Fields copied from the official HRSA CSV: site name, address, city, state, postal code, phone, website, HRSA geocoding coordinates, county/FIPS, operating hours per week, site status, and location setting. Site status: Active. Location setting: All Other Clinic Types. Operational schedule: Full-Time. Daily hours, services, price, insurance, and accessibility fields were not supplied by this intake.",BPS-H80-002272,Health Center Service Delivery and Look-Alike Sites,2026-06-24,2026-06-24,needs_review,
hrsa-bps-h80-011097,CHCRR Pediatrics,community_health_center,1 General Wing Rd,Rutland,VT,50,Rutland County,50021,05701-4681,43.60268429,-72.95640199,802-773-9131,,,,,,,,,,HRSA operating hours per week: 59.00,unknown,,,,,,,,,HRSA Health Center Service Delivery and Look-Alike Sites,https://data.hrsa.gov/DataDownload/DD_Files/Health_Center_Service_Delivery_and_LookAlike_Sites.csv,2026-06-24,"Fields copied from the official HRSA CSV: site name, address, city, state, postal code, phone, website, HRSA geocoding coordinates, county/FIPS, operating hours per week, site status, and location setting. Site status: Active. Location setting: All Other Clinic Types. Operational schedule: Full-Time. Daily hours, services, price, insurance, and accessibility fields were not supplied by this intake.",BPS-H80-011097,Health Center Service Delivery and Look-Alike Sites,2026-06-24,2026-06-24,needs_review,
hrsa-bps-h80-018813,Allen Pond Community Health Center,community_health_center,"71 Allen St, #403",Rutland,VT,50,Rutland County,50021,05701-4570,43.59760318,-72.96319761,802-772-7992,,,,,,,,,,HRSA operating hours per week: 40.00,unknown,,,,,,,,,HRSA Health Center Service Delivery and Look-Alike Sites,https://data.hrsa.gov/DataDownload/DD_Files/Health_Center_Service_Delivery_and_LookAlike_Sites.csv,2026-06-24,"Fields copied from the official HRSA CSV: site name, address, city, state, postal code, phone, website, HRSA geocoding coordinates, county/FIPS, operating hours per week, site status, and location setting. Site status: Active. Location setting: All Other Clinic Types. Operational schedule: Unknown. Daily hours, services, price, insurance, and accessibility fields were not supplied by this intake.",BPS-H80-018813,Health Center Service Delivery and Look-Alike Sites,2026-06-24,2026-06-24,needs_review,
hrsa-bps-h80-013792,Chelsea Health Center,community_health_center,356 Vt Rte 110,Chelsea,VT,50,Orange County,50017,05038-8993,43.99494306,-72.44625807,802-685-4400,www.giffordhealthcare.org,,,,,,,,,HRSA operating hours per week: 45.00,unknown,,,,,,,,,HRSA Health Center Service Delivery and Look-Alike Sites,https://data.hrsa.gov/DataDownload/DD_Files/Health_Center_Service_Delivery_and_LookAlike_Sites.csv,2026-06-24,"Fields copied from the official HRSA CSV: site name, address, city, state, postal code, phone, website, HRSA geocoding coordinates, county/FIPS, operating hours per week, site status, and location setting. Site status: Active. Location setting: All Other Clinic Types. Operational schedule: Full-Time. Daily hours, services, price, insurance, and accessibility fields were not supplied by this intake.",BPS-H80-013792,Health Center Service Delivery and Look-Alike Sites,2026-06-24,2026-06-24,needs_review,
hrsa-bps-h80-034323,NOTCH Primary Care,community_health_center,12 Crest Rd,Saint Albans,VT,50,Franklin County,50011,05478-9701,44.80728611,-73.07003025,802-255-5560,,,,,,,,,,HRSA operating hours per week: 45.00,unknown,,,,,,,,,HRSA Health Center Service Delivery and Look-Alike Sites,https://data.hrsa.gov/DataDownload/DD_Files/Health_Center_Service_Delivery_and_LookAlike_Sites.csv,2026-06-24,"Fields copied from the official HRSA CSV: site name, address, city, state, postal code, phone, website, HRSA geocoding coordinates, county/FIPS, operating hours per week, site status, and location setting. Site status: Active. Location setting: All Other Clinic Types. Operational schedule: Unknown. Daily hours, services, price, insurance, and accessibility fields were not supplied by this intake.",BPS-H80-034323,Health Center Service Delivery and Look-Alike Sites,2026-06-24,2026-06-24,needs_review,
hrsa-bps-h80-032605,LRHC Newbury,community_health_center,4628 Main St S,Newbury,VT,50,Orange County,50017,05051-9712,44.08299387,-72.05269712,802-866-3000,,,,,,,,,,HRSA operating hours per week: 45.00,unknown,,,,,,,,,HRSA Health Center Service Delivery and Look-Alike Sites,https://data.hrsa.gov/DataDownload/DD_Files/Health_Center_Service_Delivery_and_LookAlike_Sites.csv,2026-06-24,"Fields copied from the official HRSA CSV: site name, address, city, state, postal code, phone, website, HRSA geocoding coordinates, county/FIPS, operating hours per week, site status, and location setting. Site status: Active. Location setting: All Other Clinic Types. Operational schedule: Unknown. Daily hours, services, price, insurance, and accessibility fields were not supplied by this intake.",BPS-H80-032605,Health Center Service Delivery and Look-Alike Sites,2026-06-24,2026-06-24,needs_review,
hrsa-bps-h80-031183,Braintree Elementary School,community_health_center,66 Bent Hill Rd,Randolph,VT,50,Orange County,50017,05060-8810,43.95563831,-72.72327075,802-728-9373,,,,,,,,,,HRSA operating hours per week: 2.50,unknown,,,,,,,,,HRSA Health Center Service Delivery and Look-Alike Sites,https://data.hrsa.gov/DataDownload/DD_Files/Health_Center_Service_Delivery_and_LookAlike_Sites.csv,2026-06-24,"Fields copied from the official HRSA CSV: site name, address, city, state, postal code, phone, website, HRSA geocoding coordinates, county/FIPS, operating hours per week, site status, and location setting. Site status: Active. Location setting: School. Operational schedule: Unknown. Daily hours, services, price, insurance, and accessibility fields were not supplied by this intake.",BPS-H80-031183,Health Center Service Delivery and Look-Alike Sites,2026-06-24,2026-06-24,needs_review,
hrsa-bps-h80-003521,BRADFORD,community_health_center,437 S Main St,Bradford,VT,50,Orange County,50017,05033-9196,43.98814140,-72.13302702,802-222-9317,www.littlerivers.org,,,,,,,,,HRSA operating hours per week: 45.00,unknown,,,,,,,,,HRSA Health Center Service Delivery and Look-Alike Sites,https://data.hrsa.gov/DataDownload/DD_Files/Health_Center_Service_Delivery_and_LookAlike_Sites.csv,2026-06-24,"Fields copied from the official HRSA CSV: site name, address, city, state, postal code, phone, website, HRSA geocoding coordinates, county/FIPS, operating hours per week, site status, and location setting. Site status: Active. Location setting: All Other Clinic Types. Operational schedule: Full-Time. Daily hours, services, price, insurance, and accessibility fields were not supplied by this intake.",BPS-H80-003521,Health Center Service Delivery and Look-Alike Sites,2026-06-24,2026-06-24,needs_review,
hrsa-bps-h80-009139,Vermont Dental Care Mobile,community_health_center,157 Towne Ave,Plainfield,VT,50,Washington County,50023,05667-9425,44.27753708,-72.43305104,802-454-8336,thcplainfield.org,,,,,,,,,HRSA operating hours per week: 40.00,unknown,,,,,,,,,HRSA Health Center Service Delivery and Look-Alike Sites,https://data.hrsa.gov/DataDownload/DD_Files/Health_Center_Service_Delivery_and_LookAlike_Sites.csv,2026-06-24,"Fields copied from the official HRSA CSV: site name, address, city, state, postal code, phone, website, HRSA geocoding coordinates, county/FIPS, operating hours per week, site status, and location setting. Site status: Active. Location setting: School. Operational schedule: Full-Time. Daily hours, services, price, insurance, and accessibility fields were not supplied by this intake.",BPS-H80-009139,Health Center Service Delivery and Look-Alike Sites,2026-06-24,2026-06-24,needs_review,
hrsa-bps-h80-029810,East Montpelier Elementary School,community_health_center,665 Vincent Flats Rd,E Montpelier,VT,50,Washington County,50023,05651-4405,44.28658443,-72.49461603,802-223-7936,thcplainfield.org,,,,,,,,,HRSA operating hours per week: 15.00,unknown,,,,,,,,,HRSA Health Center Service Delivery and Look-Alike Sites,https://data.hrsa.gov/DataDownload/DD_Files/Health_Center_Service_Delivery_and_LookAlike_Sites.csv,2026-06-24,"Fields copied from the official HRSA CSV: site name, address, city, state, postal code, phone, website, HRSA geocoding coordinates, county/FIPS, operating hours per week, site status, and location setting. Site status: Active. Location setting: School. Operational schedule: Unknown. Daily hours, services, price, insurance, and accessibility fields were not supplied by this intake.",BPS-H80-029810,Health Center Service Delivery and Look-Alike Sites,2026-06-24,2026-06-24,needs_review,
hrsa-bps-h80-004299,Community Health Centers - Safe Harbor,community_health_center,184 S Winooski Ave,Burlington,VT,50,Chittenden County,50007,05401-4535,44.47498254,-73.21058714,802-860-4310,www.chcb.org,,,,,,,,,HRSA operating hours per week: 37.00,unknown,,,,,,,,,HRSA Health Center Service Delivery and Look-Alike Sites,https://data.hrsa.gov/DataDownload/DD_Files/Health_Center_Service_Delivery_and_LookAlike_Sites.csv,2026-06-24,"Fields copied from the official HRSA CSV: site name, address, city, state, postal code, phone, website, HRSA geocoding coordinates, county/FIPS, operating hours per week, site status, and location setting. Site status: Active. Location setting: All Other Clinic Types. Operational schedule: Full-Time. Daily hours, services, price, insurance, and accessibility fields were not supplied by this intake.",BPS-H80-004299,Health Center Service Delivery and Look-Alike Sites,2026-06-24,2026-06-24,needs_review,
hrsa-bps-h80-017440,Mountain Valley Health Center,community_health_center,38 Vt Route 11,Londonderry,VT,50,Windham County,50025,05148-9555,43.23608515,-72.84935368,802-824-6901,,,,,,,,,,HRSA operating hours per week: 46.00,unknown,,,,,,,,,HRSA Health Center Service Delivery and Look-Alike Sites,https://data.hrsa.gov/DataDownload/DD_Files/Health_Center_Service_Delivery_and_LookAlike_Sites.csv,2026-06-24,"Fields copied from the official HRSA CSV: site name, address, city, state, postal code, phone, website, HRSA geocoding coordinates, county/FIPS, operating hours per week, site status, and location setting. Site status: Active. Location setting: All Other Clinic Types. Operational schedule: Unknown. Daily hours, services, price, insurance, and accessibility fields were not supplied by this intake.",BPS-H80-017440,Health Center Service Delivery and Look-Alike Sites,2026-06-24,2026-06-24,needs_review,
hrsa-bps-h80-012043,Community Dental,community_health_center,"69 Allen St, Suite 10",Rutland,VT,50,Rutland County,50021,05701-4564,43.59797123,-72.96374504,802-774-5050,,,,,,,,,,HRSA operating hours per week: 48.00,unknown,,,,,,,,,HRSA Health Center Service Delivery and Look-Alike Sites,https://data.hrsa.gov/DataDownload/DD_Files/Health_Center_Service_Delivery_and_LookAlike_Sites.csv,2026-06-24,"Fields copied from the official HRSA CSV: site name, address, city, state, postal code, phone, website, HRSA geocoding coordinates, county/FIPS, operating hours per week, site status, and location setting. Site status: Active. Location setting: All Other Clinic Types. Operational schedule: Full-Time. Daily hours, services, price, insurance, and accessibility fields were not supplied by this intake.",BPS-H80-012043,Health Center Service Delivery and Look-Alike Sites,2026-06-24,2026-06-24,needs_review,
hrsa-bps-h80-030217,Bradford Elementary School,community_health_center,143 Fairground Rd,Bradford,VT,50,Orange County,50017,05033-9040,44.00278601,-72.12219324,802-222-4077,www.beschool.org,,,,,,,,,HRSA operating hours per week: 12.00,unknown,,,,,,,,,HRSA Health Center Service Delivery and Look-Alike Sites,https://data.hrsa.gov/DataDownload/DD_Files/Health_Center_Service_Delivery_and_LookAlike_Sites.csv,2026-06-24,"Fields copied from the official HRSA CSV: site name, address, city, state, postal code, phone, website, HRSA geocoding coordinates, county/FIPS, operating hours per week, site status, and location setting. Site status: Active. Location setting: School. Operational schedule: Unknown. Daily hours, services, price, insurance, and accessibility fields were not supplied by this intake.",BPS-H80-030217,Health Center Service Delivery and Look-Alike Sites,2026-06-24,2026-06-24,needs_review,
hrsa-bps-h80-007479,BURLINGTON HLTH & REHAB CENTER,community_health_center,300 Pearl St,Burlington,VT,50,Chittenden County,50007,05401-8598,44.48126377,-73.20673415,802-658-4200,www.chcb.org,,,,,,,,,HRSA operating hours per week: 25.50,unknown,,,,,,,,,HRSA Health Center Service Delivery and Look-Alike Sites,https://data.hrsa.gov/DataDownload/DD_Files/Health_Center_Service_Delivery_and_LookAlike_Sites.csv,2026-06-24,"Fields copied from the official HRSA CSV: site name, address, city, state, postal code, phone, website, HRSA geocoding coordinates, county/FIPS, operating hours per week, site status, and location setting. Site status: Active. Location setting: Nursing Home. Operational schedule: Part-Time. Daily hours, services, price, insurance, and accessibility fields were not supplied by this intake.",BPS-H80-007479,Health Center Service Delivery and Look-Alike Sites,2026-06-24,2026-06-24,needs_review,
hrsa-bps-h80-027773,Lamoille Health Family Dentistry,community_health_center,66 Morrisville Plz,Morrisville,VT,50,Lamoille County,50015,05661-4482,44.57359320,-72.59220226,802-888-7585,,,,,,,,,,HRSA operating hours per week: 50.00,unknown,,,,,,,,,HRSA Health Center Service Delivery and Look-Alike Sites,https://data.hrsa.gov/DataDownload/DD_Files/Health_Center_Service_Delivery_and_LookAlike_Sites.csv,2026-06-24,"Fields copied from the official HRSA CSV: site name, address, city, state, postal code, phone, website, HRSA geocoding coordinates, county/FIPS, operating hours per week, site status, and location setting. Site status: Active. Location setting: All Other Clinic Types. Operational schedule: Unknown. Daily hours, services, price, insurance, and accessibility fields were not supplied by this intake.",BPS-H80-027773,Health Center Service Delivery and Look-Alike Sites,2026-06-24,2026-06-24,needs_review,
hrsa-bps-h80-038858,Barre Dental Clinic,community_health_center,248 S Main St,Barre,VT,50,Washington County,50023,05641-4812,44.18283218,-72.49960771,802-476-6785,,,,,,,,,,HRSA operating hours per week: 32.00,unknown,,,,,,,,,HRSA Health Center Service Delivery and Look-Alike Sites,https://data.hrsa.gov/DataDownload/DD_Files/Health_Center_Service_Delivery_and_LookAlike_Sites.csv,2026-06-24,"Fields copied from the official HRSA CSV: site name, address, city, state, postal code, phone, website, HRSA geocoding coordinates, county/FIPS, operating hours per week, site status, and location setting. Site status: Active. Location setting: All Other Clinic Types. Operational schedule: Unknown. Daily hours, services, price, insurance, and accessibility fields were not supplied by this intake.",BPS-H80-038858,Health Center Service Delivery and Look-Alike Sites,2026-06-24,2026-06-24,needs_review,
hrsa-bps-h80-032539,Swanton Rexall,community_health_center,13 York St,Swanton,VT,50,Franklin County,50011,05488-1320,44.91908686,-73.12292777,802-868-3338,,,,,,,,,,HRSA operating hours per week: 52.00,unknown,,,,,,,,,HRSA Health Center Service Delivery and Look-Alike Sites,https://data.hrsa.gov/DataDownload/DD_Files/Health_Center_Service_Delivery_and_LookAlike_Sites.csv,2026-06-24,"Fields copied from the official HRSA CSV: site name, address, city, state, postal code, phone, website, HRSA geocoding coordinates, county/FIPS, operating hours per week, site status, and location setting. Site status: Active. Location setting: All Other Clinic Types. Operational schedule: Unknown. Daily hours, services, price, insurance, and accessibility fields were not supplied by this intake.",BPS-H80-032539,Health Center Service Delivery and Look-Alike Sites,2026-06-24,2026-06-24,needs_review,
hrsa-bps-h80-018814,Community Health Centers - Winooski,community_health_center,32 Malletts Bay Ave,Winooski,VT,50,Chittenden County,50007,05404-1959,44.49232147,-73.19112050,802-655-4422,,,,,,,,,,HRSA operating hours per week: 41.50,unknown,,,,,,,,,HRSA Health Center Service Delivery and Look-Alike Sites,https://data.hrsa.gov/DataDownload/DD_Files/Health_Center_Service_Delivery_and_LookAlike_Sites.csv,2026-06-24,"Fields copied from the official HRSA CSV: site name, address, city, state, postal code, phone, website, HRSA geocoding coordinates, county/FIPS, operating hours per week, site status, and location setting. Site status: Active. Location setting: All Other Clinic Types. Operational schedule: Unknown. Daily hours, services, price, insurance, and accessibility fields were not supplied by this intake.",BPS-H80-018814,Health Center Service Delivery and Look-Alike Sites,2026-06-24,2026-06-24,needs_review,
hrsa-bps-h80-013790,Gifford Primary Care,community_health_center,44 S Main St,Randolph,VT,50,Orange County,50017,05060-1381,43.91691333,-72.66530712,802-728-2445,www.giffordhealthcare.org,,,,,,,,,HRSA operating hours per week: 58.00,unknown,,,,,,,,,HRSA Health Center Service Delivery and Look-Alike Sites,https://data.hrsa.gov/DataDownload/DD_Files/Health_Center_Service_Delivery_and_LookAlike_Sites.csv,2026-06-24,"Fields copied from the official HRSA CSV: site name, address, city, state, postal code, phone, website, HRSA geocoding coordinates, county/FIPS, operating hours per week, site status, and location setting. Site status: Active. Location setting: All Other Clinic Types. Operational schedule: Full-Time. Daily hours, services, price, insurance, and accessibility fields were not supplied by this intake.",BPS-H80-013790,Health Center Service Delivery and Look-Alike Sites,2026-06-24,2026-06-24,needs_review,
hrsa-bps-h80-006190,Community Health Centers - Pearl Street,community_health_center,179 Pearl St,Burlington,VT,50,Chittenden County,50007,05401-3704,44.48032692,-73.21189237,802-652-1080,www.chcb.org,,,,,,,,,HRSA operating hours per week: 40.75,unknown,,,,,,,,,HRSA Health Center Service Delivery and Look-Alike Sites,https://data.hrsa.gov/DataDownload/DD_Files/Health_Center_Service_Delivery_and_LookAlike_Sites.csv,2026-06-24,"Fields copied from the official HRSA CSV: site name, address, city, state, postal code, phone, website, HRSA geocoding coordinates, county/FIPS, operating hours per week, site status, and location setting. Site status: Active. Location setting: All Other Clinic Types. Operational schedule: Part-Time. Daily hours, services, price, insurance, and accessibility fields were not supplied by this intake.",BPS-H80-006190,Health Center Service Delivery and Look-Alike Sites,2026-06-24,2026-06-24,needs_review,
hrsa-bps-h80-029811,Caledonia Central Supervisory Union Twinfield School,community_health_center,106 Nasmith Brook Rd,Plainfield,VT,50,Washington County,50023,05667-9060,44.29932111,-72.39587403,802-426-3213,thcplainfield.org,,,,,,,,,HRSA operating hours per week: 25.00,unknown,,,,,,,,,HRSA Health Center Service Delivery and Look-Alike Sites,https://data.hrsa.gov/DataDownload/DD_Files/Health_Center_Service_Delivery_and_LookAlike_Sites.csv,2026-06-24,"Fields copied from the official HRSA CSV: site name, address, city, state, postal code, phone, website, HRSA geocoding coordinates, county/FIPS, operating hours per week, site status, and location setting. Site status: Active. Location setting: School. Operational schedule: Unknown. Daily hours, services, price, insurance, and accessibility fields were not supplied by this intake.",BPS-H80-029811,Health Center Service Delivery and Look-Alike Sites,2026-06-24,2026-06-24,needs_review,
hrsa-bps-h80-029812,Calais Elementary School,community_health_center,321 Lightening Ridge Rd,Plainfield,VT,50,Washington County,50023,05667-9318,44.32032448,-72.45138260,802-454-7777,thcplainfield.org,,,,,,,,,HRSA operating hours per week: 12.00,unknown,,,,,,,,,HRSA Health Center Service Delivery and Look-Alike Sites,https://data.hrsa.gov/DataDownload/DD_Files/Health_Center_Service_Delivery_and_LookAlike_Sites.csv,2026-06-24,"Fields copied from the official HRSA CSV: site name, address, city, state, postal code, phone, website, HRSA geocoding coordinates, county/FIPS, operating hours per week, site status, and location setting. Site status: Active. Location setting: School. Operational schedule: Unknown. Daily hours, services, price, insurance, and accessibility fields were not supplied by this intake.",BPS-H80-029812,Health Center Service Delivery and Look-Alike Sites,2026-06-24,2026-06-24,needs_review,
hrsa-bps-h80-017476,Swanton Health Center,community_health_center,26 Canada St,Swanton,VT,50,Franklin County,50011,05488-1335,44.91973969,-73.12295074,802-868-2454,,,,,,,,,,HRSA operating hours per week: 55.50,unknown,,,,,,,,,HRSA Health Center Service Delivery and Look-Alike Sites,https://data.hrsa.gov/DataDownload/DD_Files/Health_Center_Service_Delivery_and_LookAlike_Sites.csv,2026-06-24,"Fields copied from the official HRSA CSV: site name, address, city, state, postal code, phone, website, HRSA geocoding coordinates, county/FIPS, operating hours per week, site status, and location setting. Site status: Active. Location setting: All Other Clinic Types. Operational schedule: Unknown. Daily hours, services, price, insurance, and accessibility fields were not supplied by this intake.",BPS-H80-017476,Health Center Service Delivery and Look-Alike Sites,2026-06-24,2026-06-24,needs_review,
hrsa-bps-h80-037857,Lamoille Health Family Medicine - Cambridge,community_health_center,"272 N Main St, #101",Cambridge,VT,50,Lamoille County,50015,05444-9810,44.64535478,-72.88049916,802-644-5114,,,,,,,,,,HRSA operating hours per week: 40.00,unknown,,,,,,,,,HRSA Health Center Service Delivery and Look-Alike Sites,https://data.hrsa.gov/DataDownload/DD_Files/Health_Center_Service_Delivery_and_LookAlike_Sites.csv,2026-06-24,"Fields copied from the official HRSA CSV: site name, address, city, state, postal code, phone, website, HRSA geocoding coordinates, county/FIPS, operating hours per week, site status, and location setting. Site status: Active. Location setting: All Other Clinic Types. Operational schedule: Unknown. Daily hours, services, price, insurance, and accessibility fields were not supplied by this intake.",BPS-H80-037857,Health Center Service Delivery and Look-Alike Sites,2026-06-24,2026-06-24,needs_review,
hrsa-bps-h80-008396,Ludlow Health Center,community_health_center,1 Elm St,Ludlow,VT,50,Windsor County,50027,05149-1301,43.39563422,-72.69647003,802-228-8867,,,,,,,,,,HRSA operating hours per week: 62.00,unknown,,,,,,,,,HRSA Health Center Service Delivery and Look-Alike Sites,https://data.hrsa.gov/DataDownload/DD_Files/Health_Center_Service_Delivery_and_LookAlike_Sites.csv,2026-06-24,"Fields copied from the official HRSA CSV: site name, address, city, state, postal code, phone, website, HRSA geocoding coordinates, county/FIPS, operating hours per week, site status, and location setting. Site status: Active. Location setting: All Other Clinic Types. Operational schedule: Unknown. Daily hours, services, price, insurance, and accessibility fields were not supplied by this intake.",BPS-H80-008396,Health Center Service Delivery and Look-Alike Sites,2026-06-24,2026-06-24,needs_review,
hrsa-bps-h80-041554,"Turning Point Recovery Center of Bennington, VT",community_health_center,601 Main St,Bennington,VT,50,Bennington County,50003,05201-2147,42.87767933,-73.19191100,802-442-9700,,,,,,,,,,HRSA operating hours per week: 8.00,unknown,,,,,,,,,HRSA Health Center Service Delivery and Look-Alike Sites,https://data.hrsa.gov/DataDownload/DD_Files/Health_Center_Service_Delivery_and_LookAlike_Sites.csv,2026-06-24,"Fields copied from the official HRSA CSV: site name, address, city, state, postal code, phone, website, HRSA geocoding coordinates, county/FIPS, operating hours per week, site status, and location setting. Site status: Active. Location setting: All Other Clinic Types. Operational schedule: Unknown. Daily hours, services, price, insurance, and accessibility fields were not supplied by this intake.",BPS-H80-041554,Health Center Service Delivery and Look-Alike Sites,2026-06-24,2026-06-24,needs_review,
hrsa-bps-h80-030812,Edgar May Health and Recreation Center,community_health_center,140 Clinton St,Springfield,VT,50,Windsor County,50027,05156-3304,43.29159255,-72.47354770,802-886-8900,,,,,,,,,,HRSA operating hours per week: 4.00,unknown,,,,,,,,,HRSA Health Center Service Delivery and Look-Alike Sites,https://data.hrsa.gov/DataDownload/DD_Files/Health_Center_Service_Delivery_and_LookAlike_Sites.csv,2026-06-24,"Fields copied from the official HRSA CSV: site name, address, city, state, postal code, phone, website, HRSA geocoding coordinates, county/FIPS, operating hours per week, site status, and location setting. Site status: Active. Location setting: All Other Clinic Types. Operational schedule: Unknown. Daily hours, services, price, insurance, and accessibility fields were not supplied by this intake.",BPS-H80-030812,Health Center Service Delivery and Look-Alike Sites,2026-06-24,2026-06-24,needs_review,
hrsa-bps-h80-013791,Rochester Health Center,community_health_center,235 S Main St,Rochester,VT,50,Windsor County,50027,05767-9683,43.87062712,-72.80710328,802-767-3704,www.giffordhealthcare.org,,,,,,,,,HRSA operating hours per week: 34.00,unknown,,,,,,,,,HRSA Health Center Service Delivery and Look-Alike Sites,https://data.hrsa.gov/DataDownload/DD_Files/Health_Center_Service_Delivery_and_LookAlike_Sites.csv,2026-06-24,"Fields copied from the official HRSA CSV: site name, address, city, state, postal code, phone, website, HRSA geocoding coordinates, county/FIPS, operating hours per week, site status, and location setting. Site status: Active. Location setting: All Other Clinic Types. Operational schedule: Full-Time. Daily hours, services, price, insurance, and accessibility fields were not supplied by this intake.",BPS-H80-013791,Health Center Service Delivery and Look-Alike Sites,2026-06-24,2026-06-24,needs_review,
hrsa-bps-h80-004107,Mettowee Valley Family Health Center,community_health_center,278 Vt Route 149,West Pawlet,VT,50,Rutland County,50021,05775-9798,43.40267871,-73.23135247,802-645-0580,NA,,,,,,,,,HRSA operating hours per week: 56.00,unknown,,,,,,,,,HRSA Health Center Service Delivery and Look-Alike Sites,https://data.hrsa.gov/DataDownload/DD_Files/Health_Center_Service_Delivery_and_LookAlike_Sites.csv,2026-06-24,"Fields copied from the official HRSA CSV: site name, address, city, state, postal code, phone, website, HRSA geocoding coordinates, county/FIPS, operating hours per week, site status, and location setting. Site status: Active. Location setting: All Other Clinic Types. Operational schedule: Full-Time. Daily hours, services, price, insurance, and accessibility fields were not supplied by this intake.",BPS-H80-004107,Health Center Service Delivery and Look-Alike Sites,2026-06-24,2026-06-24,needs_review,
hrsa-bps-h80-039752,Community Health Pharmacy,community_health_center,62 Woodstock Ave,Rutland,VT,50,Rutland County,50021,05701-3534,43.61245922,-72.96672874,802-775-4321,,,,,,,,,,,unknown,,,,,,,,,HRSA Health Center Service Delivery and Look-Alike Sites,https://data.hrsa.gov/DataDownload/DD_Files/Health_Center_Service_Delivery_and_LookAlike_Sites.csv,2026-06-24,"Fields copied from the official HRSA CSV: site name, address, city, state, postal code, phone, website, HRSA geocoding coordinates, county/FIPS, operating hours per week, site status, and location setting. Site status: Active. Location setting: Unknown. Operational schedule: Unknown. Daily hours, services, price, insurance, and accessibility fields were not supplied by this intake.",BPS-H80-039752,Health Center Service Delivery and Look-Alike Sites,2026-06-24,2026-06-24,needs_review,
hrsa-bps-h80-033800,Community Health Centers - Essex,community_health_center,87 Main St,Essex Junction,VT,50,Chittenden County,50007,05452-3234,44.49455575,-73.10302360,802-864-6309,www.chcb.org,,,,,,,,,HRSA operating hours per week: 46.50,unknown,,,,,,,,,HRSA Health Center Service Delivery and Look-Alike Sites,https://data.hrsa.gov/DataDownload/DD_Files/Health_Center_Service_Delivery_and_LookAlike_Sites.csv,2026-06-24,"Fields copied from the official HRSA CSV: site name, address, city, state, postal code, phone, website, HRSA geocoding coordinates, county/FIPS, operating hours per week, site status, and location setting. Site status: Active. Location setting: All Other Clinic Types. Operational schedule: Unknown. Daily hours, services, price, insurance, and accessibility fields were not supplied by this intake.",BPS-H80-033800,Health Center Service Delivery and Look-Alike Sites,2026-06-24,2026-06-24,needs_review,
hrsa-bps-h80-004635,Richford Health Center,community_health_center,44 Main St,Richford,VT,50,Franklin County,50011,05476-1153,44.99634580,-72.67309869,802-255-5500,www.notchvt.org,,,,,,,,,HRSA operating hours per week: 52.00,unknown,,,,,,,,,HRSA Health Center Service Delivery and Look-Alike Sites,https://data.hrsa.gov/DataDownload/DD_Files/Health_Center_Service_Delivery_and_LookAlike_Sites.csv,2026-06-24,"Fields copied from the official HRSA CSV: site name, address, city, state, postal code, phone, website, HRSA geocoding coordinates, county/FIPS, operating hours per week, site status, and location setting. Site status: Active. Location setting: All Other Clinic Types. Operational schedule: Full-Time. Daily hours, services, price, insurance, and accessibility fields were not supplied by this intake.",BPS-H80-004635,Health Center Service Delivery and Look-Alike Sites,2026-06-24,2026-06-24,needs_review,
hrsa-bps-h80-021862,Blue Mountain Union School,community_health_center,2420 Route 302,Wells River,VT,50,Orange County,50017,05081-9750,44.15543178,-72.08323541,802-757-2711,bmuschool.org,,,,,,,,,HRSA operating hours per week: 30.00,unknown,,,,,,,,,HRSA Health Center Service Delivery and Look-Alike Sites,https://data.hrsa.gov/DataDownload/DD_Files/Health_Center_Service_Delivery_and_LookAlike_Sites.csv,2026-06-24,"Fields copied from the official HRSA CSV: site name, address, city, state, postal code, phone, website, HRSA geocoding coordinates, county/FIPS, operating hours per week, site status, and location setting. Site status: Active. Location setting: School. Operational schedule: Unknown. Daily hours, services, price, insurance, and accessibility fields were not supplied by this intake.",BPS-H80-021862,Health Center Service Delivery and Look-Alike Sites,2026-06-24,2026-06-24,needs_review,
hrsa-bps-h80-005060,Brandon Medical Center,community_health_center,420 Grove St,Brandon,VT,50,Rutland County,50021,05733-9062,43.80505201,-73.09925828,802-247-6305,NA,,,,,,,,,HRSA operating hours per week: 42.00,unknown,,,,,,,,,HRSA Health Center Service Delivery and Look-Alike Sites,https://data.hrsa.gov/DataDownload/DD_Files/Health_Center_Service_Delivery_and_LookAlike_Sites.csv,2026-06-24,"Fields copied from the official HRSA CSV: site name, address, city, state, postal code, phone, website, HRSA geocoding coordinates, county/FIPS, operating hours per week, site status, and location setting. Site status: Active. Location setting: All Other Clinic Types. Operational schedule: Full-Time. Daily hours, services, price, insurance, and accessibility fields were not supplied by this intake.",BPS-H80-005060,Health Center Service Delivery and Look-Alike Sites,2026-06-24,2026-06-24,needs_review,
hrsa-bps-h80-034432,Northern Express Care Newport,community_health_center,"137 Main St, Apartment 102",Newport,VT,50,Orleans County,50019,05855-4415,44.93571585,-72.20876439,802-995-2412,,,,,,,,,,HRSA operating hours per week: 58.50,unknown,,,,,,,,,HRSA Health Center Service Delivery and Look-Alike Sites,https://data.hrsa.gov/DataDownload/DD_Files/Health_Center_Service_Delivery_and_LookAlike_Sites.csv,2026-06-24,"Fields copied from the official HRSA CSV: site name, address, city, state, postal code, phone, website, HRSA geocoding coordinates, county/FIPS, operating hours per week, site status, and location setting. Site status: Active. Location setting: All Other Clinic Types. Operational schedule: Unknown. Daily hours, services, price, insurance, and accessibility fields were not supplied by this intake.",BPS-H80-034432,Health Center Service Delivery and Look-Alike Sites,2026-06-24,2026-06-24,needs_review,
