id,name,facility type,address,city,state,county,zip code,latitude,longitude,phone,services,source name,source url,source last checked,source notes,source id,source dataset,source last updated,last verified,verification status,fieldsources
cms-310001,HACKENSACK UNIVERSITY MEDICAL CENTER,hospital,30 PROSPECT AVE,HACKENSACK,NJ,BERGEN,07601,40.884235304847,-74.057754563776,(551) 996-2000,Emergency services,CMS Hospital General Information,https://data.cms.gov/provider-data/dataset/xubh-q36u,2026-07-02,"Fields copied from the official CMS Hospital General Information CSV: facility name, address, city, state, ZIP code, county, phone, hospital type, ownership and emergency services flag. Hospital type: Acute Care Hospitals. Ownership: Voluntary non-profit - Private. Emergency services listed by CMS: Yes. Coordinates from the U.S. Census Bureau batch geocoder (Exact address match). CMS quality ratings and measures were intentionally not copied. Daily hours, prices and insurance details were not supplied by this intake.",310001,Hospital General Information,2026-07-02,2026-07-02,needs_review,"{""services"":{""field"":""services"",""status"":""source_backed"",""sourceUrl"":""https://data.cms.gov/provider-data/dataset/xubh-q36u"",""sourceTitle"":""CMS Hospital General Information"",""checkedDate"":""2026-07-02"",""sourceType"":""federal_open_data"",""locationSpecific"":true,""reviewerNote"":""Emergency services flag copied from the official CMS Hospital General Information row for this facility.""}}"
cms-310002,NEWARK BETH ISRAEL MEDICAL CENTER,hospital,201 LYONS AVE,NEWARK,NJ,ESSEX,07112,40.710193249652,-74.213806380764,(973) 926-7000,Emergency services,CMS Hospital General Information,https://data.cms.gov/provider-data/dataset/xubh-q36u,2026-07-02,"Fields copied from the official CMS Hospital General Information CSV: facility name, address, city, state, ZIP code, county, phone, hospital type, ownership and emergency services flag. Hospital type: Acute Care Hospitals. Ownership: Voluntary non-profit - Private. Emergency services listed by CMS: Yes. Coordinates from the U.S. Census Bureau batch geocoder (Exact address match). CMS quality ratings and measures were intentionally not copied. Daily hours, prices and insurance details were not supplied by this intake.",310002,Hospital General Information,2026-07-02,2026-07-02,needs_review,"{""services"":{""field"":""services"",""status"":""source_backed"",""sourceUrl"":""https://data.cms.gov/provider-data/dataset/xubh-q36u"",""sourceTitle"":""CMS Hospital General Information"",""checkedDate"":""2026-07-02"",""sourceType"":""federal_open_data"",""locationSpecific"":true,""reviewerNote"":""Emergency services flag copied from the official CMS Hospital General Information row for this facility.""}}"
cms-310003,PALISADES MEDICAL CENTER,hospital,7600 RIVER RD,NORTH BERGEN,NJ,HUDSON,07047,40.794660130941,-73.997063020514,(201) 854-5000,Emergency services,CMS Hospital General Information,https://data.cms.gov/provider-data/dataset/xubh-q36u,2026-07-02,"Fields copied from the official CMS Hospital General Information CSV: facility name, address, city, state, ZIP code, county, phone, hospital type, ownership and emergency services flag. Hospital type: Acute Care Hospitals. Ownership: Voluntary non-profit - Private. Emergency services listed by CMS: Yes. Coordinates from the U.S. Census Bureau batch geocoder (Exact address match). CMS quality ratings and measures were intentionally not copied. Daily hours, prices and insurance details were not supplied by this intake.",310003,Hospital General Information,2026-07-02,2026-07-02,needs_review,"{""services"":{""field"":""services"",""status"":""source_backed"",""sourceUrl"":""https://data.cms.gov/provider-data/dataset/xubh-q36u"",""sourceTitle"":""CMS Hospital General Information"",""checkedDate"":""2026-07-02"",""sourceType"":""federal_open_data"",""locationSpecific"":true,""reviewerNote"":""Emergency services flag copied from the official CMS Hospital General Information row for this facility.""}}"
cms-310005,HUNTERDON MEDICAL CENTER,hospital,2100 WESCOTT DRIVE,FLEMINGTON,NJ,HUNTERDON,08822,40.531155292896,-74.858511142951,(908) 788-6100,,CMS Hospital General Information,https://data.cms.gov/provider-data/dataset/xubh-q36u,2026-07-02,"Fields copied from the official CMS Hospital General Information CSV: facility name, address, city, state, ZIP code, county, phone, hospital type, ownership and emergency services flag. Hospital type: Acute Care Hospitals. Ownership: Voluntary non-profit - Private. Emergency services listed by CMS: No. Coordinates from the U.S. Census Bureau batch geocoder (Exact address match). CMS quality ratings and measures were intentionally not copied. Daily hours, prices and insurance details were not supplied by this intake.",310005,Hospital General Information,2026-07-02,2026-07-02,needs_review,
cms-310006,ST MARY'S GENERAL HOSPITAL,hospital,350 BOULEVARD,PASSAIC,NJ,PASSAIC,07055,40.858253875464,-74.137050685462,(973) 365-4300,Emergency services,CMS Hospital General Information,https://data.cms.gov/provider-data/dataset/xubh-q36u,2026-07-02,"Fields copied from the official CMS Hospital General Information CSV: facility name, address, city, state, ZIP code, county, phone, hospital type, ownership and emergency services flag. Hospital type: Acute Care Hospitals. Ownership: Proprietary. Emergency services listed by CMS: Yes. Coordinates from the U.S. Census Bureau batch geocoder (Exact address match). CMS quality ratings and measures were intentionally not copied. Daily hours, prices and insurance details were not supplied by this intake.",310006,Hospital General Information,2026-07-02,2026-07-02,needs_review,"{""services"":{""field"":""services"",""status"":""source_backed"",""sourceUrl"":""https://data.cms.gov/provider-data/dataset/xubh-q36u"",""sourceTitle"":""CMS Hospital General Information"",""checkedDate"":""2026-07-02"",""sourceType"":""federal_open_data"",""locationSpecific"":true,""reviewerNote"":""Emergency services flag copied from the official CMS Hospital General Information row for this facility.""}}"
cms-310008,HOLY NAME MEDICAL CENTER,hospital,718 TEANECK RD,TEANECK,NJ,BERGEN,07666,40.881452920627,-74.009261734857,(201) 833-3000,Emergency services,CMS Hospital General Information,https://data.cms.gov/provider-data/dataset/xubh-q36u,2026-07-02,"Fields copied from the official CMS Hospital General Information CSV: facility name, address, city, state, ZIP code, county, phone, hospital type, ownership and emergency services flag. Hospital type: Acute Care Hospitals. Ownership: Voluntary non-profit - Private. Emergency services listed by CMS: Yes. Coordinates from the U.S. Census Bureau batch geocoder (Exact address match). CMS quality ratings and measures were intentionally not copied. Daily hours, prices and insurance details were not supplied by this intake.",310008,Hospital General Information,2026-07-02,2026-07-02,needs_review,"{""services"":{""field"":""services"",""status"":""source_backed"",""sourceUrl"":""https://data.cms.gov/provider-data/dataset/xubh-q36u"",""sourceTitle"":""CMS Hospital General Information"",""checkedDate"":""2026-07-02"",""sourceType"":""federal_open_data"",""locationSpecific"":true,""reviewerNote"":""Emergency services flag copied from the official CMS Hospital General Information row for this facility.""}}"
cms-310009,CLARA MAASS MEDICAL CENTER,hospital,ONE CLARA MAASS DRIVE,BELLEVILLE,NJ,ESSEX,07109,40.785588536559,-74.174879000145,(973) 450-2000,Emergency services,CMS Hospital General Information,https://data.cms.gov/provider-data/dataset/xubh-q36u,2026-07-02,"Fields copied from the official CMS Hospital General Information CSV: facility name, address, city, state, ZIP code, county, phone, hospital type, ownership and emergency services flag. Hospital type: Acute Care Hospitals. Ownership: Voluntary non-profit - Private. Emergency services listed by CMS: Yes. Coordinates from the U.S. Census Bureau batch geocoder (Non_Exact address match). CMS quality ratings and measures were intentionally not copied. Daily hours, prices and insurance details were not supplied by this intake.",310009,Hospital General Information,2026-07-02,2026-07-02,needs_review,"{""services"":{""field"":""services"",""status"":""source_backed"",""sourceUrl"":""https://data.cms.gov/provider-data/dataset/xubh-q36u"",""sourceTitle"":""CMS Hospital General Information"",""checkedDate"":""2026-07-02"",""sourceType"":""federal_open_data"",""locationSpecific"":true,""reviewerNote"":""Emergency services flag copied from the official CMS Hospital General Information row for this facility.""}}"
cms-310010,UNIVERSITY MEDICAL CENTER OF PRINCETON AT PLAINSBORO,hospital,ONE-FIVE PLAINSBORO ROAD,PLAINSBORO,NJ,MIDDLESEX,08536,40.338921314506,-74.625926643515,(609) 853-6500,Emergency services,CMS Hospital General Information,https://data.cms.gov/provider-data/dataset/xubh-q36u,2026-07-02,"Fields copied from the official CMS Hospital General Information CSV: facility name, address, city, state, ZIP code, county, phone, hospital type, ownership and emergency services flag. Hospital type: Acute Care Hospitals. Ownership: Voluntary non-profit - Private. Emergency services listed by CMS: Yes. Coordinates from the U.S. Census Bureau batch geocoder (Non_Exact address match). CMS quality ratings and measures were intentionally not copied. Daily hours, prices and insurance details were not supplied by this intake.",310010,Hospital General Information,2026-07-02,2026-07-02,needs_review,"{""services"":{""field"":""services"",""status"":""source_backed"",""sourceUrl"":""https://data.cms.gov/provider-data/dataset/xubh-q36u"",""sourceTitle"":""CMS Hospital General Information"",""checkedDate"":""2026-07-02"",""sourceType"":""federal_open_data"",""locationSpecific"":true,""reviewerNote"":""Emergency services flag copied from the official CMS Hospital General Information row for this facility.""}}"
cms-310011,CAPE REGIONAL MEDICAL CENTER INC,hospital,TWO STONE HARBOR BLVD,CAPE MAY COURT HOUSE,NJ,CAPE MAY,08210,39.091262988348,-74.809654562156,(609) 463-2000,Emergency services,CMS Hospital General Information,https://data.cms.gov/provider-data/dataset/xubh-q36u,2026-07-02,"Fields copied from the official CMS Hospital General Information CSV: facility name, address, city, state, ZIP code, county, phone, hospital type, ownership and emergency services flag. Hospital type: Acute Care Hospitals. Ownership: Voluntary non-profit - Private. Emergency services listed by CMS: Yes. Coordinates from the U.S. Census Bureau batch geocoder (Non_Exact address match). CMS quality ratings and measures were intentionally not copied. Daily hours, prices and insurance details were not supplied by this intake.",310011,Hospital General Information,2026-07-02,2026-07-02,needs_review,"{""services"":{""field"":""services"",""status"":""source_backed"",""sourceUrl"":""https://data.cms.gov/provider-data/dataset/xubh-q36u"",""sourceTitle"":""CMS Hospital General Information"",""checkedDate"":""2026-07-02"",""sourceType"":""federal_open_data"",""locationSpecific"":true,""reviewerNote"":""Emergency services flag copied from the official CMS Hospital General Information row for this facility.""}}"
cms-310014,COOPER UNIVERSITY HOSPITAL,hospital,1 COOPER PLAZA,CAMDEN,NJ,CAMDEN,08103,39.940853839241,-75.11577395674,(856) 342-2000,Emergency services,CMS Hospital General Information,https://data.cms.gov/provider-data/dataset/xubh-q36u,2026-07-02,"Fields copied from the official CMS Hospital General Information CSV: facility name, address, city, state, ZIP code, county, phone, hospital type, ownership and emergency services flag. Hospital type: Acute Care Hospitals. Ownership: Voluntary non-profit - Private. Emergency services listed by CMS: Yes. Coordinates from the U.S. Census Bureau batch geocoder (Exact address match). CMS quality ratings and measures were intentionally not copied. Daily hours, prices and insurance details were not supplied by this intake.",310014,Hospital General Information,2026-07-02,2026-07-02,needs_review,"{""services"":{""field"":""services"",""status"":""source_backed"",""sourceUrl"":""https://data.cms.gov/provider-data/dataset/xubh-q36u"",""sourceTitle"":""CMS Hospital General Information"",""checkedDate"":""2026-07-02"",""sourceType"":""federal_open_data"",""locationSpecific"":true,""reviewerNote"":""Emergency services flag copied from the official CMS Hospital General Information row for this facility.""}}"
cms-310016,HEIGHTS UNIVERSITY HOSPITAL,hospital,176 PALISADE AVE,JERSEY CITY,NJ,HUDSON,07306,40.733983217608,-74.050671938577,(201) 795-8200,,CMS Hospital General Information,https://data.cms.gov/provider-data/dataset/xubh-q36u,2026-07-02,"Fields copied from the official CMS Hospital General Information CSV: facility name, address, city, state, ZIP code, county, phone, hospital type, ownership and emergency services flag. Hospital type: Acute Care Hospitals. Ownership: Voluntary non-profit - Church. Emergency services listed by CMS: No. Coordinates from the U.S. Census Bureau batch geocoder (Exact address match). CMS quality ratings and measures were intentionally not copied. Daily hours, prices and insurance details were not supplied by this intake.",310016,Hospital General Information,2026-07-02,2026-07-02,needs_review,
cms-310019,ST JOSEPH'S UNIVERSITY MEDICAL CENTER INC,hospital,703 MAIN ST,PATERSON,NJ,PASSAIC,07503,40.90260266604,-74.166813271914,(973) 754-2010,,CMS Hospital General Information,https://data.cms.gov/provider-data/dataset/xubh-q36u,2026-07-02,"Fields copied from the official CMS Hospital General Information CSV: facility name, address, city, state, ZIP code, county, phone, hospital type, ownership and emergency services flag. Hospital type: Acute Care Hospitals. Ownership: Voluntary non-profit - Church. Emergency services listed by CMS: No. Coordinates from the U.S. Census Bureau batch geocoder (Exact address match). CMS quality ratings and measures were intentionally not copied. Daily hours, prices and insurance details were not supplied by this intake.",310019,Hospital General Information,2026-07-02,2026-07-02,needs_review,
cms-31001f,VA NEW JERSEY HEALTH CARE SYSTEM,hospital,385 TREMONT AVENUE,EAST ORANGE,NJ,ESSEX,07018,40.758993486757,-74.243284432763,(973) 676-1000,Emergency services,CMS Hospital General Information,https://data.cms.gov/provider-data/dataset/xubh-q36u,2026-07-02,"Fields copied from the official CMS Hospital General Information CSV: facility name, address, city, state, ZIP code, county, phone, hospital type, ownership and emergency services flag. Hospital type: Acute Care - Veterans Administration. Ownership: Veterans Health Administration. Emergency services listed by CMS: Yes. Coordinates from the U.S. Census Bureau batch geocoder (Non_Exact address match). CMS quality ratings and measures were intentionally not copied. Daily hours, prices and insurance details were not supplied by this intake.",31001F,Hospital General Information,2026-07-02,2026-07-02,needs_review,"{""services"":{""field"":""services"",""status"":""source_backed"",""sourceUrl"":""https://data.cms.gov/provider-data/dataset/xubh-q36u"",""sourceTitle"":""CMS Hospital General Information"",""checkedDate"":""2026-07-02"",""sourceType"":""federal_open_data"",""locationSpecific"":true,""reviewerNote"":""Emergency services flag copied from the official CMS Hospital General Information row for this facility.""}}"
cms-310022,WEST JERSEY HOSPITAL,hospital,100 BOWMAN DRIVE,VOORHEES,NJ,CAMDEN,08043,39.843793981818,-74.927620375361,(856) 247-3000,Emergency services,CMS Hospital General Information,https://data.cms.gov/provider-data/dataset/xubh-q36u,2026-07-02,"Fields copied from the official CMS Hospital General Information CSV: facility name, address, city, state, ZIP code, county, phone, hospital type, ownership and emergency services flag. Hospital type: Acute Care Hospitals. Ownership: Voluntary non-profit - Private. Emergency services listed by CMS: Yes. Coordinates from the U.S. Census Bureau batch geocoder (Exact address match). CMS quality ratings and measures were intentionally not copied. Daily hours, prices and insurance details were not supplied by this intake.",310022,Hospital General Information,2026-07-02,2026-07-02,needs_review,"{""services"":{""field"":""services"",""status"":""source_backed"",""sourceUrl"":""https://data.cms.gov/provider-data/dataset/xubh-q36u"",""sourceTitle"":""CMS Hospital General Information"",""checkedDate"":""2026-07-02"",""sourceType"":""federal_open_data"",""locationSpecific"":true,""reviewerNote"":""Emergency services flag copied from the official CMS Hospital General Information row for this facility.""}}"
cms-310024,ROBERT WOOD JOHNSON UNIVERSITY HOSPITAL AT RAHWAY,hospital,865 STONE ST,RAHWAY,NJ,UNION,07065,40.612221962327,-74.291204269256,(732) 381-4200,Emergency services,CMS Hospital General Information,https://data.cms.gov/provider-data/dataset/xubh-q36u,2026-07-02,"Fields copied from the official CMS Hospital General Information CSV: facility name, address, city, state, ZIP code, county, phone, hospital type, ownership and emergency services flag. Hospital type: Acute Care Hospitals. Ownership: Voluntary non-profit - Private. Emergency services listed by CMS: Yes. Coordinates from the U.S. Census Bureau batch geocoder (Exact address match). CMS quality ratings and measures were intentionally not copied. Daily hours, prices and insurance details were not supplied by this intake.",310024,Hospital General Information,2026-07-02,2026-07-02,needs_review,"{""services"":{""field"":""services"",""status"":""source_backed"",""sourceUrl"":""https://data.cms.gov/provider-data/dataset/xubh-q36u"",""sourceTitle"":""CMS Hospital General Information"",""checkedDate"":""2026-07-02"",""sourceType"":""federal_open_data"",""locationSpecific"":true,""reviewerNote"":""Emergency services flag copied from the official CMS Hospital General Information row for this facility.""}}"
cms-310025,CAREPOINT HEALTH - BAYONNE MEDICAL CENTER,hospital,29 EAST 29TH ST,BAYONNE,NJ,HUDSON,07002,40.668163712261,-74.113471487135,(201) 858-5000,,CMS Hospital General Information,https://data.cms.gov/provider-data/dataset/xubh-q36u,2026-07-02,"Fields copied from the official CMS Hospital General Information CSV: facility name, address, city, state, ZIP code, county, phone, hospital type, ownership and emergency services flag. Hospital type: Acute Care Hospitals. Ownership: Voluntary non-profit - Private. Emergency services listed by CMS: No. Coordinates from the U.S. Census Bureau batch geocoder (Exact address match). CMS quality ratings and measures were intentionally not copied. Daily hours, prices and insurance details were not supplied by this intake.",310025,Hospital General Information,2026-07-02,2026-07-02,needs_review,
cms-310027,TRINITAS REGIONAL MEDICAL CENTER,hospital,225 WILLIAMSON STREET,ELIZABETH,NJ,UNION,07207,40.659767268841,-74.214457047876,(908) 994-5000,Emergency services,CMS Hospital General Information,https://data.cms.gov/provider-data/dataset/xubh-q36u,2026-07-02,"Fields copied from the official CMS Hospital General Information CSV: facility name, address, city, state, ZIP code, county, phone, hospital type, ownership and emergency services flag. Hospital type: Acute Care Hospitals. Ownership: Voluntary non-profit - Private. Emergency services listed by CMS: Yes. Coordinates from the U.S. Census Bureau batch geocoder (Non_Exact address match). CMS quality ratings and measures were intentionally not copied. Daily hours, prices and insurance details were not supplied by this intake.",310027,Hospital General Information,2026-07-02,2026-07-02,needs_review,"{""services"":{""field"":""services"",""status"":""source_backed"",""sourceUrl"":""https://data.cms.gov/provider-data/dataset/xubh-q36u"",""sourceTitle"":""CMS Hospital General Information"",""checkedDate"":""2026-07-02"",""sourceType"":""federal_open_data"",""locationSpecific"":true,""reviewerNote"":""Emergency services flag copied from the official CMS Hospital General Information row for this facility.""}}"
cms-310028,NEWTON MEDICAL CENTER,hospital,175 HIGH ST,NEWTON,NJ,SUSSEX,07860,41.057032395513,-74.760308265084,(973) 383-2121,Emergency services,CMS Hospital General Information,https://data.cms.gov/provider-data/dataset/xubh-q36u,2026-07-02,"Fields copied from the official CMS Hospital General Information CSV: facility name, address, city, state, ZIP code, county, phone, hospital type, ownership and emergency services flag. Hospital type: Acute Care Hospitals. Ownership: Voluntary non-profit - Private. Emergency services listed by CMS: Yes. Coordinates from the U.S. Census Bureau batch geocoder (Exact address match). CMS quality ratings and measures were intentionally not copied. Daily hours, prices and insurance details were not supplied by this intake.",310028,Hospital General Information,2026-07-02,2026-07-02,needs_review,"{""services"":{""field"":""services"",""status"":""source_backed"",""sourceUrl"":""https://data.cms.gov/provider-data/dataset/xubh-q36u"",""sourceTitle"":""CMS Hospital General Information"",""checkedDate"":""2026-07-02"",""sourceType"":""federal_open_data"",""locationSpecific"":true,""reviewerNote"":""Emergency services flag copied from the official CMS Hospital General Information row for this facility.""}}"
cms-310031,DEBORAH HEART AND LUNG CENTER,hospital,200 TRENTON ROAD,BROWNS MILLS,NJ,BURLINGTON,08015,39.976121465515,-74.58538898133,(609) 893-6611,,CMS Hospital General Information,https://data.cms.gov/provider-data/dataset/xubh-q36u,2026-07-02,"Fields copied from the official CMS Hospital General Information CSV: facility name, address, city, state, ZIP code, county, phone, hospital type, ownership and emergency services flag. Hospital type: Acute Care Hospitals. Ownership: Voluntary non-profit - Private. Emergency services listed by CMS: No. Coordinates from the U.S. Census Bureau batch geocoder (Exact address match). CMS quality ratings and measures were intentionally not copied. Daily hours, prices and insurance details were not supplied by this intake.",310031,Hospital General Information,2026-07-02,2026-07-02,needs_review,
cms-310032,INSPIRA MEDICAL CENTER VINELAND,hospital,1505 W SHERMAN AVE,VINELAND,NJ,CUMBERLAND,08360,39.447304386751,-75.05570058835,(856) 641-8000,Emergency services,CMS Hospital General Information,https://data.cms.gov/provider-data/dataset/xubh-q36u,2026-07-02,"Fields copied from the official CMS Hospital General Information CSV: facility name, address, city, state, ZIP code, county, phone, hospital type, ownership and emergency services flag. Hospital type: Acute Care Hospitals. Ownership: Voluntary non-profit - Private. Emergency services listed by CMS: Yes. Coordinates from the U.S. Census Bureau batch geocoder (Exact address match). CMS quality ratings and measures were intentionally not copied. Daily hours, prices and insurance details were not supplied by this intake.",310032,Hospital General Information,2026-07-02,2026-07-02,needs_review,"{""services"":{""field"":""services"",""status"":""source_backed"",""sourceUrl"":""https://data.cms.gov/provider-data/dataset/xubh-q36u"",""sourceTitle"":""CMS Hospital General Information"",""checkedDate"":""2026-07-02"",""sourceType"":""federal_open_data"",""locationSpecific"":true,""reviewerNote"":""Emergency services flag copied from the official CMS Hospital General Information row for this facility.""}}"
cms-310034,RIVERVIEW MEDICAL CENTER,hospital,ONE RIVERVIEW PLAZA,RED BANK,NJ,MONMOUTH,07701,40.353137402518,-74.064797647511,(732) 741-2700,Emergency services,CMS Hospital General Information,https://data.cms.gov/provider-data/dataset/xubh-q36u,2026-07-02,"Fields copied from the official CMS Hospital General Information CSV: facility name, address, city, state, ZIP code, county, phone, hospital type, ownership and emergency services flag. Hospital type: Acute Care Hospitals. Ownership: Voluntary non-profit - Private. Emergency services listed by CMS: Yes. Coordinates from the U.S. Census Bureau batch geocoder (Exact address match). CMS quality ratings and measures were intentionally not copied. Daily hours, prices and insurance details were not supplied by this intake.",310034,Hospital General Information,2026-07-02,2026-07-02,needs_review,"{""services"":{""field"":""services"",""status"":""source_backed"",""sourceUrl"":""https://data.cms.gov/provider-data/dataset/xubh-q36u"",""sourceTitle"":""CMS Hospital General Information"",""checkedDate"":""2026-07-02"",""sourceType"":""federal_open_data"",""locationSpecific"":true,""reviewerNote"":""Emergency services flag copied from the official CMS Hospital General Information row for this facility.""}}"
cms-310039,RARITAN BAY MEDICAL CENTER,hospital,530 NEW BRUNSWICK AVE,PERTH AMBOY,NJ,MIDDLESEX,08861,40.518661574308,-74.281019271812,(732) 324-5000,Emergency services,CMS Hospital General Information,https://data.cms.gov/provider-data/dataset/xubh-q36u,2026-07-02,"Fields copied from the official CMS Hospital General Information CSV: facility name, address, city, state, ZIP code, county, phone, hospital type, ownership and emergency services flag. Hospital type: Acute Care Hospitals. Ownership: Voluntary non-profit - Private. Emergency services listed by CMS: Yes. Coordinates from the U.S. Census Bureau batch geocoder (Exact address match). CMS quality ratings and measures were intentionally not copied. Daily hours, prices and insurance details were not supplied by this intake.",310039,Hospital General Information,2026-07-02,2026-07-02,needs_review,"{""services"":{""field"":""services"",""status"":""source_backed"",""sourceUrl"":""https://data.cms.gov/provider-data/dataset/xubh-q36u"",""sourceTitle"":""CMS Hospital General Information"",""checkedDate"":""2026-07-02"",""sourceType"":""federal_open_data"",""locationSpecific"":true,""reviewerNote"":""Emergency services flag copied from the official CMS Hospital General Information row for this facility.""}}"
cms-310040,CAREPOINT HEALTH-HOBOKEN UNIVERSITY MEDICAL CENTER,hospital,308 WILLOW AVE,HOBOKEN,NJ,HUDSON,07030,40.740768927901,-74.033762468082,(201) 418-1000,,CMS Hospital General Information,https://data.cms.gov/provider-data/dataset/xubh-q36u,2026-07-02,"Fields copied from the official CMS Hospital General Information CSV: facility name, address, city, state, ZIP code, county, phone, hospital type, ownership and emergency services flag. Hospital type: Acute Care Hospitals. Ownership: Voluntary non-profit - Church. Emergency services listed by CMS: No. Coordinates from the U.S. Census Bureau batch geocoder (Exact address match). CMS quality ratings and measures were intentionally not copied. Daily hours, prices and insurance details were not supplied by this intake.",310040,Hospital General Information,2026-07-02,2026-07-02,needs_review,
cms-310041,COMMUNITY MEDICAL CENTER,hospital,99 RT 37 WEST,TOMS RIVER,NJ,OCEAN,08755,39.965405361549,-74.217121616,(732) 557-8000,Emergency services,CMS Hospital General Information,https://data.cms.gov/provider-data/dataset/xubh-q36u,2026-07-02,"Fields copied from the official CMS Hospital General Information CSV: facility name, address, city, state, ZIP code, county, phone, hospital type, ownership and emergency services flag. Hospital type: Acute Care Hospitals. Ownership: Voluntary non-profit - Private. Emergency services listed by CMS: Yes. Coordinates from the U.S. Census Bureau batch geocoder (Non_Exact address match). CMS quality ratings and measures were intentionally not copied. Daily hours, prices and insurance details were not supplied by this intake.",310041,Hospital General Information,2026-07-02,2026-07-02,needs_review,"{""services"":{""field"":""services"",""status"":""source_backed"",""sourceUrl"":""https://data.cms.gov/provider-data/dataset/xubh-q36u"",""sourceTitle"":""CMS Hospital General Information"",""checkedDate"":""2026-07-02"",""sourceType"":""federal_open_data"",""locationSpecific"":true,""reviewerNote"":""Emergency services flag copied from the official CMS Hospital General Information row for this facility.""}}"
cms-310048,ROBERT WOOD JOHNSON UNIVERSITY HOSPITAL - SOMERSET,hospital,110 REHILL AVE,SOMERVILLE,NJ,SOMERSET,08876,40.568065756698,-74.595885644787,(908) 685-2200,Emergency services,CMS Hospital General Information,https://data.cms.gov/provider-data/dataset/xubh-q36u,2026-07-02,"Fields copied from the official CMS Hospital General Information CSV: facility name, address, city, state, ZIP code, county, phone, hospital type, ownership and emergency services flag. Hospital type: Acute Care Hospitals. Ownership: Voluntary non-profit - Private. Emergency services listed by CMS: Yes. Coordinates from the U.S. Census Bureau batch geocoder (Exact address match). CMS quality ratings and measures were intentionally not copied. Daily hours, prices and insurance details were not supplied by this intake.",310048,Hospital General Information,2026-07-02,2026-07-02,needs_review,"{""services"":{""field"":""services"",""status"":""source_backed"",""sourceUrl"":""https://data.cms.gov/provider-data/dataset/xubh-q36u"",""sourceTitle"":""CMS Hospital General Information"",""checkedDate"":""2026-07-02"",""sourceType"":""federal_open_data"",""locationSpecific"":true,""reviewerNote"":""Emergency services flag copied from the official CMS Hospital General Information row for this facility.""}}"
cms-310050,SAINT CLARE'S HOSPITAL/ DENVILLE CAMPUS,hospital,25 POCONO ROAD,DENVILLE,NJ,MORRIS,07834,40.894359748023,-74.463231388377,(973) 983-5569,Emergency services,CMS Hospital General Information,https://data.cms.gov/provider-data/dataset/xubh-q36u,2026-07-02,"Fields copied from the official CMS Hospital General Information CSV: facility name, address, city, state, ZIP code, county, phone, hospital type, ownership and emergency services flag. Hospital type: Acute Care Hospitals. Ownership: Proprietary. Emergency services listed by CMS: Yes. Coordinates from the U.S. Census Bureau batch geocoder (Exact address match). CMS quality ratings and measures were intentionally not copied. Daily hours, prices and insurance details were not supplied by this intake.",310050,Hospital General Information,2026-07-02,2026-07-02,needs_review,"{""services"":{""field"":""services"",""status"":""source_backed"",""sourceUrl"":""https://data.cms.gov/provider-data/dataset/xubh-q36u"",""sourceTitle"":""CMS Hospital General Information"",""checkedDate"":""2026-07-02"",""sourceType"":""federal_open_data"",""locationSpecific"":true,""reviewerNote"":""Emergency services flag copied from the official CMS Hospital General Information row for this facility.""}}"
cms-310051,OVERLOOK MEDICAL CENTER,hospital,99 BEAUVOIR AVENUE,SUMMIT,NJ,UNION,07901,40.712373866146,-74.354378694007,(908) 522-2000,Emergency services,CMS Hospital General Information,https://data.cms.gov/provider-data/dataset/xubh-q36u,2026-07-02,"Fields copied from the official CMS Hospital General Information CSV: facility name, address, city, state, ZIP code, county, phone, hospital type, ownership and emergency services flag. Hospital type: Acute Care Hospitals. Ownership: Voluntary non-profit - Private. Emergency services listed by CMS: Yes. Coordinates from the U.S. Census Bureau batch geocoder (Exact address match). CMS quality ratings and measures were intentionally not copied. Daily hours, prices and insurance details were not supplied by this intake.",310051,Hospital General Information,2026-07-02,2026-07-02,needs_review,"{""services"":{""field"":""services"",""status"":""source_backed"",""sourceUrl"":""https://data.cms.gov/provider-data/dataset/xubh-q36u"",""sourceTitle"":""CMS Hospital General Information"",""checkedDate"":""2026-07-02"",""sourceType"":""federal_open_data"",""locationSpecific"":true,""reviewerNote"":""Emergency services flag copied from the official CMS Hospital General Information row for this facility.""}}"
cms-310052,OCEAN MEDICAL CENTER,hospital,425 JACK MARTIN BLVD,BRICK,NJ,OCEAN,08724,40.077894216238,-74.129047950712,(732) 840-2200,Emergency services,CMS Hospital General Information,https://data.cms.gov/provider-data/dataset/xubh-q36u,2026-07-02,"Fields copied from the official CMS Hospital General Information CSV: facility name, address, city, state, ZIP code, county, phone, hospital type, ownership and emergency services flag. Hospital type: Acute Care Hospitals. Ownership: Voluntary non-profit - Other. Emergency services listed by CMS: Yes. Coordinates from the U.S. Census Bureau batch geocoder (Exact address match). CMS quality ratings and measures were intentionally not copied. Daily hours, prices and insurance details were not supplied by this intake.",310052,Hospital General Information,2026-07-02,2026-07-02,needs_review,"{""services"":{""field"":""services"",""status"":""source_backed"",""sourceUrl"":""https://data.cms.gov/provider-data/dataset/xubh-q36u"",""sourceTitle"":""CMS Hospital General Information"",""checkedDate"":""2026-07-02"",""sourceType"":""federal_open_data"",""locationSpecific"":true,""reviewerNote"":""Emergency services flag copied from the official CMS Hospital General Information row for this facility.""}}"
cms-310057,VIRTUA MOUNT HOLLY HOSPITAL,hospital,175 MADISON AVE,MOUNT HOLLY,NJ,BURLINGTON,08060,39.986157363725,-74.795527699549,(609) 267-0700,Emergency services,CMS Hospital General Information,https://data.cms.gov/provider-data/dataset/xubh-q36u,2026-07-02,"Fields copied from the official CMS Hospital General Information CSV: facility name, address, city, state, ZIP code, county, phone, hospital type, ownership and emergency services flag. Hospital type: Acute Care Hospitals. Ownership: Voluntary non-profit - Private. Emergency services listed by CMS: Yes. Coordinates from the U.S. Census Bureau batch geocoder (Exact address match). CMS quality ratings and measures were intentionally not copied. Daily hours, prices and insurance details were not supplied by this intake.",310057,Hospital General Information,2026-07-02,2026-07-02,needs_review,"{""services"":{""field"":""services"",""status"":""source_backed"",""sourceUrl"":""https://data.cms.gov/provider-data/dataset/xubh-q36u"",""sourceTitle"":""CMS Hospital General Information"",""checkedDate"":""2026-07-02"",""sourceType"":""federal_open_data"",""locationSpecific"":true,""reviewerNote"":""Emergency services flag copied from the official CMS Hospital General Information row for this facility.""}}"
cms-310060,ST LUKE'S WARREN HOSPITAL,hospital,185 ROSEBERRY ST,PHILLIPSBURG,NJ,WARREN,08865,40.701703244528,-75.179587837484,(908) 847-6700,Emergency services,CMS Hospital General Information,https://data.cms.gov/provider-data/dataset/xubh-q36u,2026-07-02,"Fields copied from the official CMS Hospital General Information CSV: facility name, address, city, state, ZIP code, county, phone, hospital type, ownership and emergency services flag. Hospital type: Acute Care Hospitals. Ownership: Voluntary non-profit - Private. Emergency services listed by CMS: Yes. Coordinates from the U.S. Census Bureau batch geocoder (Exact address match). CMS quality ratings and measures were intentionally not copied. Daily hours, prices and insurance details were not supplied by this intake.",310060,Hospital General Information,2026-07-02,2026-07-02,needs_review,"{""services"":{""field"":""services"",""status"":""source_backed"",""sourceUrl"":""https://data.cms.gov/provider-data/dataset/xubh-q36u"",""sourceTitle"":""CMS Hospital General Information"",""checkedDate"":""2026-07-02"",""sourceType"":""federal_open_data"",""locationSpecific"":true,""reviewerNote"":""Emergency services flag copied from the official CMS Hospital General Information row for this facility.""}}"
cms-310064,ATLANTICARE REGIONAL MEDICAL CENTER - CITY CAMPUS,hospital,1925 PACIFIC AVENUE,ATLANTIC CITY,NJ,ATLANTIC,08401,39.35795913271,-74.433683226706,(609) 441-8020,Emergency services,CMS Hospital General Information,https://data.cms.gov/provider-data/dataset/xubh-q36u,2026-07-02,"Fields copied from the official CMS Hospital General Information CSV: facility name, address, city, state, ZIP code, county, phone, hospital type, ownership and emergency services flag. Hospital type: Acute Care Hospitals. Ownership: Voluntary non-profit - Private. Emergency services listed by CMS: Yes. Coordinates from the U.S. Census Bureau batch geocoder (Exact address match). CMS quality ratings and measures were intentionally not copied. Daily hours, prices and insurance details were not supplied by this intake.",310064,Hospital General Information,2026-07-02,2026-07-02,needs_review,"{""services"":{""field"":""services"",""status"":""source_backed"",""sourceUrl"":""https://data.cms.gov/provider-data/dataset/xubh-q36u"",""sourceTitle"":""CMS Hospital General Information"",""checkedDate"":""2026-07-02"",""sourceType"":""federal_open_data"",""locationSpecific"":true,""reviewerNote"":""Emergency services flag copied from the official CMS Hospital General Information row for this facility.""}}"
cms-310069,INSPIRA MEDICAL CENTER MULLICA HILL,hospital,501 WEST FRONT STREET,ELMER,NJ,SALEM,08318,39.588419860896,-75.179383419175,(856) 363-1000,Emergency services,CMS Hospital General Information,https://data.cms.gov/provider-data/dataset/xubh-q36u,2026-07-02,"Fields copied from the official CMS Hospital General Information CSV: facility name, address, city, state, ZIP code, county, phone, hospital type, ownership and emergency services flag. Hospital type: Acute Care Hospitals. Ownership: Voluntary non-profit - Private. Emergency services listed by CMS: Yes. Coordinates from the U.S. Census Bureau batch geocoder (Non_Exact address match). CMS quality ratings and measures were intentionally not copied. Daily hours, prices and insurance details were not supplied by this intake.",310069,Hospital General Information,2026-07-02,2026-07-02,needs_review,"{""services"":{""field"":""services"",""status"":""source_backed"",""sourceUrl"":""https://data.cms.gov/provider-data/dataset/xubh-q36u"",""sourceTitle"":""CMS Hospital General Information"",""checkedDate"":""2026-07-02"",""sourceType"":""federal_open_data"",""locationSpecific"":true,""reviewerNote"":""Emergency services flag copied from the official CMS Hospital General Information row for this facility.""}}"
cms-310070,SAINT PETER'S UNIVERSITY HOSPITAL,hospital,254 EASTON AVE,NEW BRUNSWICK,NJ,MIDDLESEX,08901,40.502083480438,-74.459981552264,(732) 745-8600,Emergency services,CMS Hospital General Information,https://data.cms.gov/provider-data/dataset/xubh-q36u,2026-07-02,"Fields copied from the official CMS Hospital General Information CSV: facility name, address, city, state, ZIP code, county, phone, hospital type, ownership and emergency services flag. Hospital type: Acute Care Hospitals. Ownership: Voluntary non-profit - Private. Emergency services listed by CMS: Yes. Coordinates from the U.S. Census Bureau batch geocoder (Exact address match). CMS quality ratings and measures were intentionally not copied. Daily hours, prices and insurance details were not supplied by this intake.",310070,Hospital General Information,2026-07-02,2026-07-02,needs_review,"{""services"":{""field"":""services"",""status"":""source_backed"",""sourceUrl"":""https://data.cms.gov/provider-data/dataset/xubh-q36u"",""sourceTitle"":""CMS Hospital General Information"",""checkedDate"":""2026-07-02"",""sourceType"":""federal_open_data"",""locationSpecific"":true,""reviewerNote"":""Emergency services flag copied from the official CMS Hospital General Information row for this facility.""}}"
cms-310073,JERSEY SHORE UNIVERSITY MEDICAL CENTER,hospital,1945 RTE 33,NEPTUNE,NJ,MONMOUTH,07754,40.207880241747,-74.038288554139,(732) 775-5500,Emergency services,CMS Hospital General Information,https://data.cms.gov/provider-data/dataset/xubh-q36u,2026-07-02,"Fields copied from the official CMS Hospital General Information CSV: facility name, address, city, state, ZIP code, county, phone, hospital type, ownership and emergency services flag. Hospital type: Acute Care Hospitals. Ownership: Voluntary non-profit - Private. Emergency services listed by CMS: Yes. Coordinates from the U.S. Census Bureau batch geocoder (Non_Exact address match). CMS quality ratings and measures were intentionally not copied. Daily hours, prices and insurance details were not supplied by this intake.",310073,Hospital General Information,2026-07-02,2026-07-02,needs_review,"{""services"":{""field"":""services"",""status"":""source_backed"",""sourceUrl"":""https://data.cms.gov/provider-data/dataset/xubh-q36u"",""sourceTitle"":""CMS Hospital General Information"",""checkedDate"":""2026-07-02"",""sourceType"":""federal_open_data"",""locationSpecific"":true,""reviewerNote"":""Emergency services flag copied from the official CMS Hospital General Information row for this facility.""}}"
cms-310074,JERSEY CITY MEDICAL CENTER,hospital,355 GRAND STREET,JERSEY CITY,NJ,HUDSON,07302,40.716578523075,-74.049611376228,(201) 915-2000,Emergency services,CMS Hospital General Information,https://data.cms.gov/provider-data/dataset/xubh-q36u,2026-07-02,"Fields copied from the official CMS Hospital General Information CSV: facility name, address, city, state, ZIP code, county, phone, hospital type, ownership and emergency services flag. Hospital type: Acute Care Hospitals. Ownership: Voluntary non-profit - Private. Emergency services listed by CMS: Yes. Coordinates from the U.S. Census Bureau batch geocoder (Exact address match). CMS quality ratings and measures were intentionally not copied. Daily hours, prices and insurance details were not supplied by this intake.",310074,Hospital General Information,2026-07-02,2026-07-02,needs_review,"{""services"":{""field"":""services"",""status"":""source_backed"",""sourceUrl"":""https://data.cms.gov/provider-data/dataset/xubh-q36u"",""sourceTitle"":""CMS Hospital General Information"",""checkedDate"":""2026-07-02"",""sourceType"":""federal_open_data"",""locationSpecific"":true,""reviewerNote"":""Emergency services flag copied from the official CMS Hospital General Information row for this facility.""}}"
cms-310075,MONMOUTH MEDICAL CENTER,hospital,300 SECOND AVENUE,LONG BRANCH,NJ,MONMOUTH,07740,40.295390144141,-73.983696008196,(732) 222-5200,Emergency services,CMS Hospital General Information,https://data.cms.gov/provider-data/dataset/xubh-q36u,2026-07-02,"Fields copied from the official CMS Hospital General Information CSV: facility name, address, city, state, ZIP code, county, phone, hospital type, ownership and emergency services flag. Hospital type: Acute Care Hospitals. Ownership: Voluntary non-profit - Private. Emergency services listed by CMS: Yes. Coordinates from the U.S. Census Bureau batch geocoder (Exact address match). CMS quality ratings and measures were intentionally not copied. Daily hours, prices and insurance details were not supplied by this intake.",310075,Hospital General Information,2026-07-02,2026-07-02,needs_review,"{""services"":{""field"":""services"",""status"":""source_backed"",""sourceUrl"":""https://data.cms.gov/provider-data/dataset/xubh-q36u"",""sourceTitle"":""CMS Hospital General Information"",""checkedDate"":""2026-07-02"",""sourceType"":""federal_open_data"",""locationSpecific"":true,""reviewerNote"":""Emergency services flag copied from the official CMS Hospital General Information row for this facility.""}}"
cms-310076,COOPERMAN BARNABAS MEDICAL CENTER,hospital,94 OLD SHORT HILLS ROAD,LIVINGSTON,NJ,ESSEX,07039,40.76507767594,-74.301962263936,(973) 322-5000,Emergency services,CMS Hospital General Information,https://data.cms.gov/provider-data/dataset/xubh-q36u,2026-07-02,"Fields copied from the official CMS Hospital General Information CSV: facility name, address, city, state, ZIP code, county, phone, hospital type, ownership and emergency services flag. Hospital type: Acute Care Hospitals. Ownership: Voluntary non-profit - Private. Emergency services listed by CMS: Yes. Coordinates from the U.S. Census Bureau batch geocoder (Exact address match). CMS quality ratings and measures were intentionally not copied. Daily hours, prices and insurance details were not supplied by this intake.",310076,Hospital General Information,2026-07-02,2026-07-02,needs_review,"{""services"":{""field"":""services"",""status"":""source_backed"",""sourceUrl"":""https://data.cms.gov/provider-data/dataset/xubh-q36u"",""sourceTitle"":""CMS Hospital General Information"",""checkedDate"":""2026-07-02"",""sourceType"":""federal_open_data"",""locationSpecific"":true,""reviewerNote"":""Emergency services flag copied from the official CMS Hospital General Information row for this facility.""}}"
cms-310084,MONMOUTH MEDICAL CENTER-SOUTHERN CAMPUS,hospital,600 RIVER AVE,LAKEWOOD,NJ,OCEAN,08701,40.074125290296,-74.217434768341,(732) 363-1900,Emergency services,CMS Hospital General Information,https://data.cms.gov/provider-data/dataset/xubh-q36u,2026-07-02,"Fields copied from the official CMS Hospital General Information CSV: facility name, address, city, state, ZIP code, county, phone, hospital type, ownership and emergency services flag. Hospital type: Acute Care Hospitals. Ownership: Voluntary non-profit - Private. Emergency services listed by CMS: Yes. Coordinates from the U.S. Census Bureau batch geocoder (Exact address match). CMS quality ratings and measures were intentionally not copied. Daily hours, prices and insurance details were not supplied by this intake.",310084,Hospital General Information,2026-07-02,2026-07-02,needs_review,"{""services"":{""field"":""services"",""status"":""source_backed"",""sourceUrl"":""https://data.cms.gov/provider-data/dataset/xubh-q36u"",""sourceTitle"":""CMS Hospital General Information"",""checkedDate"":""2026-07-02"",""sourceType"":""federal_open_data"",""locationSpecific"":true,""reviewerNote"":""Emergency services flag copied from the official CMS Hospital General Information row for this facility.""}}"
cms-310086,JEFFERSON STRATFORD HOSPITAL,hospital,18 EAST LAUREL ROAD,STRATFORD,NJ,CAMDEN,08084,39.827680842996,-75.00946187667,(856) 346-7802,Emergency services,CMS Hospital General Information,https://data.cms.gov/provider-data/dataset/xubh-q36u,2026-07-02,"Fields copied from the official CMS Hospital General Information CSV: facility name, address, city, state, ZIP code, county, phone, hospital type, ownership and emergency services flag. Hospital type: Acute Care Hospitals. Ownership: Voluntary non-profit - Private. Emergency services listed by CMS: Yes. Coordinates from the U.S. Census Bureau batch geocoder (Non_Exact address match). CMS quality ratings and measures were intentionally not copied. Daily hours, prices and insurance details were not supplied by this intake.",310086,Hospital General Information,2026-07-02,2026-07-02,needs_review,"{""services"":{""field"":""services"",""status"":""source_backed"",""sourceUrl"":""https://data.cms.gov/provider-data/dataset/xubh-q36u"",""sourceTitle"":""CMS Hospital General Information"",""checkedDate"":""2026-07-02"",""sourceType"":""federal_open_data"",""locationSpecific"":true,""reviewerNote"":""Emergency services flag copied from the official CMS Hospital General Information row for this facility.""}}"
cms-310092,CAPITAL HEALTH REGIONAL MEDICAL CENTER,hospital,750 BRUNSWICK AVE,TRENTON,NJ,MERCER,08638,40.235748401673,-74.752830133515,(609) 394-6000,Emergency services,CMS Hospital General Information,https://data.cms.gov/provider-data/dataset/xubh-q36u,2026-07-02,"Fields copied from the official CMS Hospital General Information CSV: facility name, address, city, state, ZIP code, county, phone, hospital type, ownership and emergency services flag. Hospital type: Acute Care Hospitals. Ownership: Voluntary non-profit - Private. Emergency services listed by CMS: Yes. Coordinates from the U.S. Census Bureau batch geocoder (Exact address match). CMS quality ratings and measures were intentionally not copied. Daily hours, prices and insurance details were not supplied by this intake.",310092,Hospital General Information,2026-07-02,2026-07-02,needs_review,"{""services"":{""field"":""services"",""status"":""source_backed"",""sourceUrl"":""https://data.cms.gov/provider-data/dataset/xubh-q36u"",""sourceTitle"":""CMS Hospital General Information"",""checkedDate"":""2026-07-02"",""sourceType"":""federal_open_data"",""locationSpecific"":true,""reviewerNote"":""Emergency services flag copied from the official CMS Hospital General Information row for this facility.""}}"
cms-310096,SAINT MICHAEL'S MEDICAL CENTER,hospital,111 CENTRAL AVENUE,NEWARK,NJ,ESSEX,07102,40.742904272329,-74.173738741872,(973) 877-5350,Emergency services,CMS Hospital General Information,https://data.cms.gov/provider-data/dataset/xubh-q36u,2026-07-02,"Fields copied from the official CMS Hospital General Information CSV: facility name, address, city, state, ZIP code, county, phone, hospital type, ownership and emergency services flag. Hospital type: Acute Care Hospitals. Ownership: Voluntary non-profit - Private. Emergency services listed by CMS: Yes. Coordinates from the U.S. Census Bureau batch geocoder (Exact address match). CMS quality ratings and measures were intentionally not copied. Daily hours, prices and insurance details were not supplied by this intake.",310096,Hospital General Information,2026-07-02,2026-07-02,needs_review,"{""services"":{""field"":""services"",""status"":""source_backed"",""sourceUrl"":""https://data.cms.gov/provider-data/dataset/xubh-q36u"",""sourceTitle"":""CMS Hospital General Information"",""checkedDate"":""2026-07-02"",""sourceType"":""federal_open_data"",""locationSpecific"":true,""reviewerNote"":""Emergency services flag copied from the official CMS Hospital General Information row for this facility.""}}"
cms-310108,JFK UNIVERSITY MEDICAL CENTER,hospital,65 JAMES STREET,EDISON,NJ,MIDDLESEX,08818,40.557747295143,-74.350743255445,(732) 321-7000,Emergency services,CMS Hospital General Information,https://data.cms.gov/provider-data/dataset/xubh-q36u,2026-07-02,"Fields copied from the official CMS Hospital General Information CSV: facility name, address, city, state, ZIP code, county, phone, hospital type, ownership and emergency services flag. Hospital type: Acute Care Hospitals. Ownership: Voluntary non-profit - Private. Emergency services listed by CMS: Yes. Coordinates from the U.S. Census Bureau batch geocoder (Non_Exact address match). CMS quality ratings and measures were intentionally not copied. Daily hours, prices and insurance details were not supplied by this intake.",310108,Hospital General Information,2026-07-02,2026-07-02,needs_review,"{""services"":{""field"":""services"",""status"":""source_backed"",""sourceUrl"":""https://data.cms.gov/provider-data/dataset/xubh-q36u"",""sourceTitle"":""CMS Hospital General Information"",""checkedDate"":""2026-07-02"",""sourceType"":""federal_open_data"",""locationSpecific"":true,""reviewerNote"":""Emergency services flag copied from the official CMS Hospital General Information row for this facility.""}}"
cms-310110,ROBERT WOOD JOHNSON UNIVERSITY HOSPITAL AT HAMILTON,hospital,ONE HAMILTON HEALTH PLACE,HAMILTON,NJ,MERCER,08690,40.216267652406,-74.675552533148,(609) 586-7900,Emergency services,CMS Hospital General Information,https://data.cms.gov/provider-data/dataset/xubh-q36u,2026-07-02,"Fields copied from the official CMS Hospital General Information CSV: facility name, address, city, state, ZIP code, county, phone, hospital type, ownership and emergency services flag. Hospital type: Acute Care Hospitals. Ownership: Voluntary non-profit - Private. Emergency services listed by CMS: Yes. Coordinates from the U.S. Census Bureau batch geocoder (Exact address match). CMS quality ratings and measures were intentionally not copied. Daily hours, prices and insurance details were not supplied by this intake.",310110,Hospital General Information,2026-07-02,2026-07-02,needs_review,"{""services"":{""field"":""services"",""status"":""source_backed"",""sourceUrl"":""https://data.cms.gov/provider-data/dataset/xubh-q36u"",""sourceTitle"":""CMS Hospital General Information"",""checkedDate"":""2026-07-02"",""sourceType"":""federal_open_data"",""locationSpecific"":true,""reviewerNote"":""Emergency services flag copied from the official CMS Hospital General Information row for this facility.""}}"
cms-310111,CENTRASTATE MEDICAL CENTER,hospital,901 WEST MAIN STREET,FREEHOLD,NJ,MONMOUTH,07728,40.237685053609,-74.308933371367,(732) 294-7012,Emergency services,CMS Hospital General Information,https://data.cms.gov/provider-data/dataset/xubh-q36u,2026-07-02,"Fields copied from the official CMS Hospital General Information CSV: facility name, address, city, state, ZIP code, county, phone, hospital type, ownership and emergency services flag. Hospital type: Acute Care Hospitals. Ownership: Voluntary non-profit - Private. Emergency services listed by CMS: Yes. Coordinates from the U.S. Census Bureau batch geocoder (Exact address match). CMS quality ratings and measures were intentionally not copied. Daily hours, prices and insurance details were not supplied by this intake.",310111,Hospital General Information,2026-07-02,2026-07-02,needs_review,"{""services"":{""field"":""services"",""status"":""source_backed"",""sourceUrl"":""https://data.cms.gov/provider-data/dataset/xubh-q36u"",""sourceTitle"":""CMS Hospital General Information"",""checkedDate"":""2026-07-02"",""sourceType"":""federal_open_data"",""locationSpecific"":true,""reviewerNote"":""Emergency services flag copied from the official CMS Hospital General Information row for this facility.""}}"
cms-310112,BAYSHORE MEDICAL CENTER,hospital,727 N BEERS ST,HOLMDEL,NJ,MONMOUTH,07733,40.404145468981,-74.193130042292,(732) 739-5900,Emergency services,CMS Hospital General Information,https://data.cms.gov/provider-data/dataset/xubh-q36u,2026-07-02,"Fields copied from the official CMS Hospital General Information CSV: facility name, address, city, state, ZIP code, county, phone, hospital type, ownership and emergency services flag. Hospital type: Acute Care Hospitals. Ownership: Voluntary non-profit - Private. Emergency services listed by CMS: Yes. Coordinates from the U.S. Census Bureau batch geocoder (Exact address match). CMS quality ratings and measures were intentionally not copied. Daily hours, prices and insurance details were not supplied by this intake.",310112,Hospital General Information,2026-07-02,2026-07-02,needs_review,"{""services"":{""field"":""services"",""status"":""source_backed"",""sourceUrl"":""https://data.cms.gov/provider-data/dataset/xubh-q36u"",""sourceTitle"":""CMS Hospital General Information"",""checkedDate"":""2026-07-02"",""sourceType"":""federal_open_data"",""locationSpecific"":true,""reviewerNote"":""Emergency services flag copied from the official CMS Hospital General Information row for this facility.""}}"
cms-310113,SOUTHERN OCEAN MEDICAL CENTER,hospital,1140 RT 72 W,MANAHAWKIN,NJ,OCEAN,08050,39.719151417939,-74.285139115811,(609) 597-6011,Emergency services,CMS Hospital General Information,https://data.cms.gov/provider-data/dataset/xubh-q36u,2026-07-02,"Fields copied from the official CMS Hospital General Information CSV: facility name, address, city, state, ZIP code, county, phone, hospital type, ownership and emergency services flag. Hospital type: Acute Care Hospitals. Ownership: Voluntary non-profit - Private. Emergency services listed by CMS: Yes. Coordinates from the U.S. Census Bureau batch geocoder (Non_Exact address match). CMS quality ratings and measures were intentionally not copied. Daily hours, prices and insurance details were not supplied by this intake.",310113,Hospital General Information,2026-07-02,2026-07-02,needs_review,"{""services"":{""field"":""services"",""status"":""source_backed"",""sourceUrl"":""https://data.cms.gov/provider-data/dataset/xubh-q36u"",""sourceTitle"":""CMS Hospital General Information"",""checkedDate"":""2026-07-02"",""sourceType"":""federal_open_data"",""locationSpecific"":true,""reviewerNote"":""Emergency services flag copied from the official CMS Hospital General Information row for this facility.""}}"
cms-310115,AHS HOSPITAL CORP,hospital,651 WILLOW GROVE ST,HACKETTSTOWN,NJ,WARREN,07840,40.861440871763,-74.814088499987,(908) 852-5100,Emergency services,CMS Hospital General Information,https://data.cms.gov/provider-data/dataset/xubh-q36u,2026-07-02,"Fields copied from the official CMS Hospital General Information CSV: facility name, address, city, state, ZIP code, county, phone, hospital type, ownership and emergency services flag. Hospital type: Acute Care Hospitals. Ownership: Voluntary non-profit - Private. Emergency services listed by CMS: Yes. Coordinates from the U.S. Census Bureau batch geocoder (Exact address match). CMS quality ratings and measures were intentionally not copied. Daily hours, prices and insurance details were not supplied by this intake.",310115,Hospital General Information,2026-07-02,2026-07-02,needs_review,"{""services"":{""field"":""services"",""status"":""source_backed"",""sourceUrl"":""https://data.cms.gov/provider-data/dataset/xubh-q36u"",""sourceTitle"":""CMS Hospital General Information"",""checkedDate"":""2026-07-02"",""sourceType"":""federal_open_data"",""locationSpecific"":true,""reviewerNote"":""Emergency services flag copied from the official CMS Hospital General Information row for this facility.""}}"
cms-310118,HUDSON REGIONAL HOSPITAL,hospital,55 MEADOWLANDS PKWY,SECAUCUS,NJ,HUDSON,07094,40.792802106372,-74.071123267712,(201) 392-3200,Emergency services,CMS Hospital General Information,https://data.cms.gov/provider-data/dataset/xubh-q36u,2026-07-02,"Fields copied from the official CMS Hospital General Information CSV: facility name, address, city, state, ZIP code, county, phone, hospital type, ownership and emergency services flag. Hospital type: Acute Care Hospitals. Ownership: Proprietary. Emergency services listed by CMS: Yes. Coordinates from the U.S. Census Bureau batch geocoder (Exact address match). CMS quality ratings and measures were intentionally not copied. Daily hours, prices and insurance details were not supplied by this intake.",310118,Hospital General Information,2026-07-02,2026-07-02,needs_review,"{""services"":{""field"":""services"",""status"":""source_backed"",""sourceUrl"":""https://data.cms.gov/provider-data/dataset/xubh-q36u"",""sourceTitle"":""CMS Hospital General Information"",""checkedDate"":""2026-07-02"",""sourceType"":""federal_open_data"",""locationSpecific"":true,""reviewerNote"":""Emergency services flag copied from the official CMS Hospital General Information row for this facility.""}}"
cms-310119,THE UNIVERSITY HOSPITAL,hospital,150 BERGEN ST,NEWARK,NJ,ESSEX,07103,40.741373621963,-74.191819343253,(973) 972-4300,Emergency services,CMS Hospital General Information,https://data.cms.gov/provider-data/dataset/xubh-q36u,2026-07-02,"Fields copied from the official CMS Hospital General Information CSV: facility name, address, city, state, ZIP code, county, phone, hospital type, ownership and emergency services flag. Hospital type: Acute Care Hospitals. Ownership: Government - State. Emergency services listed by CMS: Yes. Coordinates from the U.S. Census Bureau batch geocoder (Exact address match). CMS quality ratings and measures were intentionally not copied. Daily hours, prices and insurance details were not supplied by this intake.",310119,Hospital General Information,2026-07-02,2026-07-02,needs_review,"{""services"":{""field"":""services"",""status"":""source_backed"",""sourceUrl"":""https://data.cms.gov/provider-data/dataset/xubh-q36u"",""sourceTitle"":""CMS Hospital General Information"",""checkedDate"":""2026-07-02"",""sourceType"":""federal_open_data"",""locationSpecific"":true,""reviewerNote"":""Emergency services flag copied from the official CMS Hospital General Information row for this facility.""}}"
cms-310130,HACKENSACK MERIDIAN HEALTH PASCACK VALLEY MEDICAL,hospital,250 OLD HOOK ROAD,WESTWOOD,NJ,BERGEN,07675,40.983736422286,-74.014609002966,(201) 880-2700,Emergency services,CMS Hospital General Information,https://data.cms.gov/provider-data/dataset/xubh-q36u,2026-07-02,"Fields copied from the official CMS Hospital General Information CSV: facility name, address, city, state, ZIP code, county, phone, hospital type, ownership and emergency services flag. Hospital type: Acute Care Hospitals. Ownership: Proprietary. Emergency services listed by CMS: Yes. Coordinates from the U.S. Census Bureau batch geocoder (Exact address match). CMS quality ratings and measures were intentionally not copied. Daily hours, prices and insurance details were not supplied by this intake.",310130,Hospital General Information,2026-07-02,2026-07-02,needs_review,"{""services"":{""field"":""services"",""status"":""source_backed"",""sourceUrl"":""https://data.cms.gov/provider-data/dataset/xubh-q36u"",""sourceTitle"":""CMS Hospital General Information"",""checkedDate"":""2026-07-02"",""sourceType"":""federal_open_data"",""locationSpecific"":true,""reviewerNote"":""Emergency services flag copied from the official CMS Hospital General Information row for this facility.""}}"
cms-312024,SILVER LAKE HOSPITAL LTACH,hospital,495 NORTH 13TH STREET,NEWARK,NJ,ESSEX,07107,40.772979594975,-74.186923253703,(973) 587-7713,,CMS Hospital General Information,https://data.cms.gov/provider-data/dataset/xubh-q36u,2026-07-02,"Fields copied from the official CMS Hospital General Information CSV: facility name, address, city, state, ZIP code, county, phone, hospital type, ownership and emergency services flag. Hospital type: Long-term. Ownership: Voluntary non-profit - Church. Emergency services listed by CMS: No. Coordinates from the U.S. Census Bureau batch geocoder (Exact address match). CMS quality ratings and measures were intentionally not copied. Daily hours, prices and insurance details were not supplied by this intake.",312024,Hospital General Information,2026-07-02,2026-07-02,needs_review,
cms-313302,WEISMAN CHILDRENS REHABILITATION HOSPITAL,hospital,"92 BRICK ROAD, 3RD FLOOR",MARLTON,NJ,BURLINGTON,08053,39.880457323391,-74.918140567376,(856) 489-4520,,CMS Hospital General Information,https://data.cms.gov/provider-data/dataset/xubh-q36u,2026-07-02,"Fields copied from the official CMS Hospital General Information CSV: facility name, address, city, state, ZIP code, county, phone, hospital type, ownership and emergency services flag. Hospital type: Childrens. Ownership: Proprietary. Emergency services listed by CMS: No. Coordinates from the U.S. Census Bureau batch geocoder (Exact address match). CMS quality ratings and measures were intentionally not copied. Daily hours, prices and insurance details were not supplied by this intake.",313302,Hospital General Information,2026-07-02,2026-07-02,needs_review,
cms-314001,SUMMIT OAKS HOSPITAL,hospital,19 PROSPECT ST,SUMMIT,NJ,UNION,07901,40.713961957584,-74.361933476579,(908) 522-7000,,CMS Hospital General Information,https://data.cms.gov/provider-data/dataset/xubh-q36u,2026-07-02,"Fields copied from the official CMS Hospital General Information CSV: facility name, address, city, state, ZIP code, county, phone, hospital type, ownership and emergency services flag. Hospital type: Psychiatric. Ownership: Voluntary non-profit - Other. Emergency services listed by CMS: No. Coordinates from the U.S. Census Bureau batch geocoder (Exact address match). CMS quality ratings and measures were intentionally not copied. Daily hours, prices and insurance details were not supplied by this intake.",314001,Hospital General Information,2026-07-02,2026-07-02,needs_review,
cms-314011,UNIVERSITY BEHAVIORAL HEALTH CARE,hospital,671 HOES LANE WEST,PISCATAWAY,NJ,MIDDLESEX,08854,40.526551162754,-74.47094783208,(732) 235-5900,Emergency services,CMS Hospital General Information,https://data.cms.gov/provider-data/dataset/xubh-q36u,2026-07-02,"Fields copied from the official CMS Hospital General Information CSV: facility name, address, city, state, ZIP code, county, phone, hospital type, ownership and emergency services flag. Hospital type: Psychiatric. Ownership: Government - State. Emergency services listed by CMS: Yes. Coordinates from the U.S. Census Bureau batch geocoder (Exact address match). CMS quality ratings and measures were intentionally not copied. Daily hours, prices and insurance details were not supplied by this intake.",314011,Hospital General Information,2026-07-02,2026-07-02,needs_review,"{""services"":{""field"":""services"",""status"":""source_backed"",""sourceUrl"":""https://data.cms.gov/provider-data/dataset/xubh-q36u"",""sourceTitle"":""CMS Hospital General Information"",""checkedDate"":""2026-07-02"",""sourceType"":""federal_open_data"",""locationSpecific"":true,""reviewerNote"":""Emergency services flag copied from the official CMS Hospital General Information row for this facility.""}}"
cms-314012,HACKENSACK MERIDIAN HEALTH CARRIER CLINIC,hospital,252 ROUTE 601,BELLE MEAD,NJ,SOMERSET,08502,40.465447169352,-74.681875956047,(908) 281-1000,,CMS Hospital General Information,https://data.cms.gov/provider-data/dataset/xubh-q36u,2026-07-02,"Fields copied from the official CMS Hospital General Information CSV: facility name, address, city, state, ZIP code, county, phone, hospital type, ownership and emergency services flag. Hospital type: Psychiatric. Ownership: Voluntary non-profit - Private. Emergency services listed by CMS: No. Coordinates from the U.S. Census Bureau batch geocoder (Exact address match). CMS quality ratings and measures were intentionally not copied. Daily hours, prices and insurance details were not supplied by this intake.",314012,Hospital General Information,2026-07-02,2026-07-02,needs_review,
cms-314016,GREYSTONE PARK PSYCHIATRIC HOSPITAL,hospital,59 KOCH AVENUE,MORRIS PLAINS,NJ,MORRIS,07950,40.834345350947,-74.51131261005,(973) 538-1800,,CMS Hospital General Information,https://data.cms.gov/provider-data/dataset/xubh-q36u,2026-07-02,"Fields copied from the official CMS Hospital General Information CSV: facility name, address, city, state, ZIP code, county, phone, hospital type, ownership and emergency services flag. Hospital type: Psychiatric. Ownership: Government - State. Emergency services listed by CMS: No. Coordinates from the U.S. Census Bureau batch geocoder (Exact address match). CMS quality ratings and measures were intentionally not copied. Daily hours, prices and insurance details were not supplied by this intake.",314016,Hospital General Information,2026-07-02,2026-07-02,needs_review,
cms-314018,NORTHBROOK BEHAVIORAL HEALTH HOSPITAL,hospital,425  WOODBURY TURNERSVILLE ROAD,BLACKWOOD,NJ,CAMDEN,08012,39.790971037726,-75.078010918978,(856) 374-6500,,CMS Hospital General Information,https://data.cms.gov/provider-data/dataset/xubh-q36u,2026-07-02,"Fields copied from the official CMS Hospital General Information CSV: facility name, address, city, state, ZIP code, county, phone, hospital type, ownership and emergency services flag. Hospital type: Psychiatric. Ownership: Proprietary. Emergency services listed by CMS: No. Coordinates from the U.S. Census Bureau batch geocoder (Exact address match). CMS quality ratings and measures were intentionally not copied. Daily hours, prices and insurance details were not supplied by this intake.",314018,Hospital General Information,2026-07-02,2026-07-02,needs_review,
cms-314019,RAMAPO RIDGE BEHAVIORAL HEALTH HOSPITAL,hospital,301 SICOMAC AVE,WYCKOFF,NJ,BERGEN,07481,40.984759207454,-74.17191314085,(201) 848-5805,,CMS Hospital General Information,https://data.cms.gov/provider-data/dataset/xubh-q36u,2026-07-02,"Fields copied from the official CMS Hospital General Information CSV: facility name, address, city, state, ZIP code, county, phone, hospital type, ownership and emergency services flag. Hospital type: Psychiatric. Ownership: Voluntary non-profit - Private. Emergency services listed by CMS: No. Coordinates from the U.S. Census Bureau batch geocoder (Exact address match). CMS quality ratings and measures were intentionally not copied. Daily hours, prices and insurance details were not supplied by this intake.",314019,Hospital General Information,2026-07-02,2026-07-02,needs_review,
cms-314021,HAMPTON BEHAVIORAL HEALTH CENTER,hospital,650 RANCOCAS ROAD,WESTAMPTON,NJ,BURLINGTON,08060,39.989914667755,-74.835909145685,(609) 267-7000,,CMS Hospital General Information,https://data.cms.gov/provider-data/dataset/xubh-q36u,2026-07-02,"Fields copied from the official CMS Hospital General Information CSV: facility name, address, city, state, ZIP code, county, phone, hospital type, ownership and emergency services flag. Hospital type: Psychiatric. Ownership: Proprietary. Emergency services listed by CMS: No. Coordinates from the U.S. Census Bureau batch geocoder (Exact address match). CMS quality ratings and measures were intentionally not copied. Daily hours, prices and insurance details were not supplied by this intake.",314021,Hospital General Information,2026-07-02,2026-07-02,needs_review,
cms-314022,SAINT BARNABAS BEHAVIORAL HEALTH CENTER,hospital,1691 HIGHWAY 9  -  CN2025,TOMS RIVER,NJ,OCEAN,08755,40.011716393893,-74.216794972554,(732) 914-1688,,CMS Hospital General Information,https://data.cms.gov/provider-data/dataset/xubh-q36u,2026-07-02,"Fields copied from the official CMS Hospital General Information CSV: facility name, address, city, state, ZIP code, county, phone, hospital type, ownership and emergency services flag. Hospital type: Psychiatric. Ownership: Voluntary non-profit - Private. Emergency services listed by CMS: No. Coordinates from the U.S. Census Bureau batch geocoder (Non_Exact address match). CMS quality ratings and measures were intentionally not copied. Daily hours, prices and insurance details were not supplied by this intake.",314022,Hospital General Information,2026-07-02,2026-07-02,needs_review,
cms-314024,HUDSON COUNTY MEADOWVIEW PSYCHIATRIC H,hospital,595 COUNTY AVENUE,SECAUCUS,NJ,HUDSON,07094,40.782629112044,-74.057636528453,(201) 369-5252,,CMS Hospital General Information,https://data.cms.gov/provider-data/dataset/xubh-q36u,2026-07-02,"Fields copied from the official CMS Hospital General Information CSV: facility name, address, city, state, ZIP code, county, phone, hospital type, ownership and emergency services flag. Hospital type: Psychiatric. Ownership: Government - Local. Emergency services listed by CMS: No. Coordinates from the U.S. Census Bureau batch geocoder (Exact address match). CMS quality ratings and measures were intentionally not copied. Daily hours, prices and insurance details were not supplied by this intake.",314024,Hospital General Information,2026-07-02,2026-07-02,needs_review,
cms-314027,MOUNTAINVIEW BEHAVIORAL HOSPITAL,hospital,40 WATCHUNG WAY,BERKELEY HEIGHTS,NJ,UNION,07922,40.66800230334,-74.423084153357,(908) 771-5857,,CMS Hospital General Information,https://data.cms.gov/provider-data/dataset/xubh-q36u,2026-07-02,"Fields copied from the official CMS Hospital General Information CSV: facility name, address, city, state, ZIP code, county, phone, hospital type, ownership and emergency services flag. Hospital type: Psychiatric. Ownership: Proprietary. Emergency services listed by CMS: No. Coordinates from the U.S. Census Bureau batch geocoder (Exact address match). CMS quality ratings and measures were intentionally not copied. Daily hours, prices and insurance details were not supplied by this intake.",314027,Hospital General Information,2026-07-02,2026-07-02,needs_review,
